-11801876.86,4657630.48,2170.92
-11801875.18,4657630.87,2170.9
-11801869.22,4657630.88,2170.9
-11801870.9,4657630.5,2170.92
-11801872.55,4657630.12,2170.92
-11801874.22,4657629.73,2170.9
-11801875.89,4657629.350000001,2170.96
-11801875.77,4657628.66,2170.92
-11801874.09,4657629.04,2170.88
-11801872.42,4657629.4,2170.88
-11801870.76,4657629.78,2170.9
-11801869.08,4657630.17,2170.88
-11801867.4,4657630.54,2170.88
-11801865.74,4657630.93,2170.88
-11801858.790000001,4657630.98,2170.86
-11801860.5,4657630.600000001,2170.86
-11801862.14,4657630.22,2170.84
-11801863.77,4657629.850000001,2170.86
-11801865.44,4657629.47,2170.88
-11801867.11,4657629.09,2170.9
-11801868.78,4657628.7,2170.88
-11801870.44,4657628.33,2170.88
-11801872.11,4657627.96,2170.88
-11801873.75,4657627.58,2170.9
-11801875.450000001,4657627.2,2170.9
-11801877.15,4657626.8100000005,2170.92
-11801875.870000001,4657626.48,2170.92
-11801874.22,4657626.86,2170.88
-11801872.55,4657627.23,2170.88
-11801870.85,4657627.61,2170.88
-11801869.18,4657627.99,2170.88
-11801867.51,4657628.37,2170.86
-11801865.84,4657628.73,2170.88
-11801864.18,4657629.12,2170.86
-11801862.51,4657629.5,2170.86
-11801860.84,4657629.88,2170.84
-11801859.19,4657630.24,2170.86
-11801857.540000001,4657630.62,2170.86
-11801855.88,4657630.99,2170.84
-11801849.25,4657630.89,2170.82
-11801850.88,4657630.53,2170.86
-11801852.540000001,4657630.16,2170.84
-11801854.22,4657629.7700000005,2170.81
-11801855.89,4657629.38,2170.84
-11801857.56,4657629.0200000005,2170.88
-11801859.23,4657628.64,2170.86
-11801860.86,4657628.25,2170.86
-11801862.53,4657627.88,2170.84
-11801864.21,4657627.51,2170.84
-11801865.89,4657627.13,2170.88
-11801867.55,4657626.74,2170.88
-11801869.200000001,4657626.37,2170.88
-11801870.870000001,4657626.0,2170.88
-11801872.56,4657625.600000001,2170.86
-11801874.200000001,4657625.24,2170.88
-11801875.870000001,4657624.86,2170.9
-11801876.64,4657624.0200000005,2170.9
-11801874.97,4657624.41,2170.88
-11801873.31,4657624.79,2170.86
-11801871.66,4657625.17,2170.85
-11801869.96,4657625.53,2170.86
-11801868.28,4657625.92,2170.86
-11801866.61,4657626.3,2170.88
-11801864.94,4657626.68,2170.85
-11801863.27,4657627.05,2170.84
-11801861.63,4657627.42,2170.83
-11801859.96,4657627.78,2170.82
-11801858.290000001,4657628.17,2170.85
-11801856.620000001,4657628.55,2170.83
-11801854.92,4657628.93,2170.83
-11801853.28,4657629.3,2170.85
-11801851.620000001,4657629.69,2170.81
-11801849.94,4657630.0600000005,2170.82
-11801848.28,4657630.43,2170.77
-11801846.63,4657630.8100000005,2170.77
-11801844.950000001,4657631.18,2170.77
-11801838.11,4657631.29,2170.78
-11801839.790000001,4657630.92,2170.74
-11801841.44,4657630.54,2170.77
-11801843.07,4657630.17,2170.8
-11801844.76,4657629.79,2170.79
-11801846.43,4657629.41,2170.77
-11801848.1,4657629.03,2170.79
-11801849.77,4657628.64,2170.86
-11801851.450000001,4657628.25,2170.83
-11801853.11,4657627.89,2170.84
-11801854.78,4657627.51,2170.82
-11801856.450000001,4657627.13,2170.85
-11801858.08,4657626.7700000005,2170.81
-11801859.71,4657626.39,2170.83
-11801861.42,4657626.0,2170.84
-11801863.09,4657625.61,2170.85
-11801864.75,4657625.26,2170.85
-11801866.4,4657624.88,2170.86
-11801868.07,4657624.49,2170.86
-11801869.75,4657624.100000001,2170.88
-11801871.4,4657623.73,2170.86
-11801873.09,4657623.350000001,2170.88
-11801874.8,4657622.96,2170.9
-11801876.46,4657622.57,2170.92
-11801876.09,4657621.88,2170.88
-11801874.42,4657622.2700000005,2170.86
-11801872.790000001,4657622.64,2170.85
-11801871.13,4657623.0,2170.84
-11801869.44,4657623.39,2170.86
-11801867.77,4657623.7700000005,2170.85
-11801866.09,4657624.14,2170.85
-11801864.41,4657624.53,2170.8
-11801862.76,4657624.91,2170.82
-11801861.09,4657625.28,2170.81
-11801859.41,4657625.65,2170.84
-11801857.74,4657626.04,2170.83
-11801856.06,4657626.42,2170.81
-11801854.4,4657626.78,2170.8
-11801852.72,4657627.16,2170.82
-11801851.08,4657627.54,2170.81
-11801849.41,4657627.9,2170.84
-11801847.75,4657628.28,2170.76
-11801846.07,4657628.67,2170.77
-11801844.4,4657629.0200000005,2170.78
-11801842.73,4657629.41,2170.77
-11801841.06,4657629.79,2170.76
-11801839.43,4657630.15,2170.74
-11801837.75,4657630.55,2170.76
-11801836.08,4657630.91,2170.73
-11801834.41,4657631.28,2170.74
-11801827.370000001,4657631.34,2170.74
-11801829.040000001,4657630.96,2170.75
-11801830.700000001,4657630.600000001,2170.76
-11801832.34,4657630.22,2170.75
-11801834.0,4657629.83,2170.74
-11801835.67,4657629.47,2170.75
-11801837.3,4657629.09,2170.76
-11801838.99,4657628.71,2170.74
-11801840.67,4657628.32,2170.76
-11801842.32,4657627.95,2170.78
-11801843.96,4657627.58,2170.79
-11801845.64,4657627.2,2170.76
-11801847.34,4657626.82,2170.76
-11801848.98,4657626.44,2170.79
-11801850.63,4657626.07,2170.83
-11801852.31,4657625.68,2170.79
-11801853.98,4657625.3100000005,2170.81
-11801855.65,4657624.93,2170.81
-11801857.32,4657624.5600000005,2170.84
-11801858.96,4657624.18,2170.82
-11801860.63,4657623.8,2170.81
-11801862.3,4657623.42,2170.79
-11801863.98,4657623.03,2170.83
-11801865.64,4657622.67,2170.82
-11801867.26,4657622.3,2170.85
-11801868.94,4657621.91,2170.86
-11801870.63,4657621.5200000005,2170.85
-11801872.3,4657621.16,2170.86
-11801873.97,4657620.78,2170.86
-11801875.61,4657620.39,2170.9
-11801877.15,4657619.4,2170.88
-11801875.48,4657619.7700000005,2170.86
-11801873.8,4657620.15,2170.86
-11801872.14,4657620.53,2170.86
-11801870.47,4657620.91,2170.88
-11801868.78,4657621.2700000005,2170.86
-11801867.11,4657621.66,2170.85
-11801865.450000001,4657622.04,2170.82
-11801863.790000001,4657622.39,2170.81
-11801862.13,4657622.78,2170.79
-11801860.46,4657623.16,2170.8
-11801858.790000001,4657623.54,2170.8
-11801857.09,4657623.92,2170.8
-11801855.42,4657624.29,2170.79
-11801853.75,4657624.67,2170.8
-11801852.11,4657625.04,2170.8
-11801850.44,4657625.41,2170.81
-11801848.78,4657625.79,2170.77
-11801847.14,4657626.16,2170.77
-11801845.46,4657626.53,2170.75
-11801843.77,4657626.91,2170.79
-11801842.120000001,4657627.29,2170.78
-11801840.44,4657627.67,2170.74
-11801838.77,4657628.05,2170.73
-11801837.1,4657628.41,2170.75
-11801835.44,4657628.8,2170.76
-11801833.75,4657629.18,2170.73
-11801832.08,4657629.5600000005,2170.75
-11801830.450000001,4657629.92,2170.76
-11801828.8,4657630.3,2170.74
-11801827.11,4657630.66,2170.75
-11801825.42,4657631.05,2170.76
-11801823.77,4657631.43,2170.75
-11801816.72,4657631.45,2170.76
-11801818.36,4657631.07,2170.76
-11801820.03,4657630.69,2170.77
-11801821.67,4657630.3100000005,2170.75
-11801823.34,4657629.94,2170.75
-11801825.0,4657629.5600000005,2170.73
-11801826.66,4657629.19,2170.74
-11801828.34,4657628.8,2170.75
-11801830.03,4657628.42,2170.76
-11801831.700000001,4657628.05,2170.77
-11801833.370000001,4657627.67,2170.73
-11801835.0,4657627.29,2170.76
-11801836.65,4657626.91,2170.77
-11801838.3,4657626.55,2170.75
-11801839.99,4657626.16,2170.73
-11801841.65,4657625.78,2170.76
-11801843.34,4657625.4,2170.78
-11801845.02,4657625.01,2170.79
-11801846.69,4657624.65,2170.76
-11801848.32,4657624.2700000005,2170.79
-11801849.96,4657623.91,2170.82
-11801851.620000001,4657623.53,2170.82
-11801853.31,4657623.14,2170.82
-11801855.0,4657622.76,2170.78
-11801856.65,4657622.37,2170.8
-11801858.31,4657622.0,2170.81
-11801859.97,4657621.63,2170.79
-11801861.64,4657621.25,2170.8
-11801863.3,4657620.87,2170.79
-11801864.97,4657620.49,2170.8
-11801866.620000001,4657620.12,2170.85
-11801868.3,4657619.73,2170.85
-11801869.97,4657619.36,2170.85
-11801871.65,4657618.98,2170.83
-11801873.33,4657618.600000001,2170.85
-11801874.99,4657618.23,2170.9
-11801876.66,4657617.850000001,2170.88
-11801877.01,4657617.01,2170.86
-11801875.36,4657617.38,2170.86
-11801873.73,4657617.74,2170.86
-11801872.06,4657618.12,2170.81
-11801870.38,4657618.5,2170.84
-11801868.69,4657618.86,2170.86
-11801867.02,4657619.25,2170.8
-11801865.36,4657619.63,2170.79
-11801863.700000001,4657619.99,2170.8
-11801862.03,4657620.37,2170.8
-11801860.370000001,4657620.75,2170.78
-11801858.700000001,4657621.12,2170.8
-11801857.0,4657621.51,2170.79
-11801855.33,4657621.88,2170.78
-11801853.66,4657622.26,2170.81
-11801852.02,4657622.63,2170.78
-11801850.35,4657623.0,2170.78
-11801848.67,4657623.37,2170.77
-11801847.01,4657623.76,2170.77
-11801845.34,4657624.14,2170.75
-11801843.65,4657624.51,2170.75
-11801842.0,4657624.88,2170.77
-11801840.35,4657625.26,2170.75
-11801838.69,4657625.63,2170.72
-11801837.03,4657626.0,2170.73
-11801835.35,4657626.38,2170.73
-11801833.67,4657626.74,2170.71
-11801832.040000001,4657627.13,2170.74
-11801830.39,4657627.5,2170.75
-11801828.72,4657627.86,2170.72
-11801827.07,4657628.24,2170.74
-11801825.370000001,4657628.63,2170.76
-11801823.700000001,4657629.01,2170.73
-11801822.02,4657629.39,2170.75
-11801820.36,4657629.75,2170.75
-11801818.69,4657630.12,2170.77
-11801817.040000001,4657630.51,2170.75
-11801815.38,4657630.87,2170.76
-11801813.71,4657631.24,2170.74
-11801812.06,4657631.63,2170.75
-11801812.63,4657630.12,2170.74
-11801814.28,4657629.75,2170.73
-11801815.94,4657629.38,2170.75
-11801817.61,4657629.0,2170.75
-11801819.27,4657628.61,2170.78
-11801820.94,4657628.24,2170.74
-11801822.620000001,4657627.87,2170.74
-11801824.290000001,4657627.48,2170.73
-11801825.94,4657627.11,2170.74
-11801827.63,4657626.72,2170.73
-11801829.290000001,4657626.34,2170.75
-11801830.94,4657625.96,2170.72
-11801832.59,4657625.600000001,2170.74
-11801834.290000001,4657625.22,2170.74
-11801835.91,4657624.84,2170.75
-11801837.56,4657624.48,2170.74
-11801839.26,4657624.09,2170.73
-11801840.89,4657623.72,2170.73
-11801842.55,4657623.350000001,2170.76
-11801844.22,4657622.97,2170.76
-11801845.89,4657622.59,2170.77
-11801847.57,4657622.2,2170.74
-11801849.24,4657621.84,2170.78
-11801850.88,4657621.46,2170.81
-11801852.540000001,4657621.08,2170.79
-11801854.23,4657620.7,2170.79
-11801855.89,4657620.33,2170.77
-11801857.55,4657619.95,2170.78
-11801859.19,4657619.58,2170.78
-11801860.86,4657619.21,2170.78
-11801862.53,4657618.83,2170.77
-11801864.200000001,4657618.44,2170.76
-11801865.870000001,4657618.07,2170.79
-11801867.52,4657617.69,2170.85
-11801869.19,4657617.32,2170.84
-11801870.89,4657616.91,2170.83
-11801872.56,4657616.55,2170.85
-11801874.21,4657616.18,2170.86
-11801875.88,4657615.79,2170.85
-11801876.38,4657614.83,2170.88
-11801874.71,4657615.2,2170.86
-11801873.03,4657615.58,2170.85
-11801871.38,4657615.95,2170.81
-11801869.71,4657616.32,2170.83
-11801868.01,4657616.7,2170.82
-11801866.34,4657617.08,2170.81
-11801864.67,4657617.46,2170.78
-11801863.02,4657617.8100000005,2170.75
-11801861.36,4657618.2,2170.77
-11801859.68,4657618.58,2170.77
-11801857.98,4657618.96,2170.8
-11801856.3,4657619.32,2170.78
-11801854.67,4657619.7,2170.76
-11801853.0,4657620.08,2170.77
-11801851.3,4657620.45,2170.8
-11801849.64,4657620.83,2170.77
-11801847.99,4657621.18,2170.74
-11801846.35,4657621.5600000005,2170.75
-11801844.67,4657621.94,2170.75
-11801842.96,4657622.33,2170.74
-11801841.28,4657622.69,2170.75
-11801839.66,4657623.07,2170.72
-11801837.98,4657623.45,2170.74
-11801836.32,4657623.8100000005,2170.73
-11801834.67,4657624.19,2170.73
-11801832.99,4657624.5600000005,2170.75
-11801831.3,4657624.95,2170.74
-11801829.65,4657625.3100000005,2170.73
-11801828.0,4657625.68,2170.72
-11801826.33,4657626.05,2170.72
-11801824.65,4657626.43,2170.71
-11801822.98,4657626.8100000005,2170.71
-11801821.33,4657627.19,2170.75
-11801819.66,4657627.54,2170.74
-11801818.01,4657627.93,2170.73
-11801816.32,4657628.3100000005,2170.73
-11801814.68,4657628.66,2170.72
-11801813.05,4657629.05,2170.73
-11801811.5,4657627.73,2170.73
-11801813.16,4657627.34,2170.74
-11801814.78,4657626.99,2170.72
-11801816.43,4657626.61,2170.73
-11801818.09,4657626.24,2170.72
-11801819.77,4657625.86,2170.73
-11801821.450000001,4657625.48,2170.75
-11801823.08,4657625.09,2170.71
-11801824.73,4657624.74,2170.73
-11801826.42,4657624.350000001,2170.69
-11801828.09,4657623.97,2170.72
-11801829.75,4657623.600000001,2170.72
-11801831.41,4657623.23,2170.74
-11801833.06,4657622.850000001,2170.74
-11801834.73,4657622.47,2170.73
-11801836.39,4657622.09,2170.72
-11801838.07,4657621.72,2170.72
-11801839.73,4657621.33,2170.73
-11801841.38,4657620.97,2170.75
-11801843.07,4657620.58,2170.76
-11801844.74,4657620.21,2170.77
-11801846.39,4657619.84,2170.75
-11801848.05,4657619.46,2170.72
-11801849.68,4657619.100000001,2170.8
-11801851.370000001,4657618.71,2170.81
-11801853.08,4657618.32,2170.79
-11801854.73,4657617.95,2170.75
-11801856.38,4657617.5600000005,2170.77
-11801858.03,4657617.21,2170.76
-11801859.700000001,4657616.83,2170.75
-11801861.39,4657616.44,2170.75
-11801863.06,4657616.0600000005,2170.75
-11801864.700000001,4657615.7,2170.77
-11801866.370000001,4657615.3100000005,2170.79
-11801868.03,4657614.94,2170.82
-11801869.73,4657614.57,2170.83
-11801871.39,4657614.19,2170.82
-11801868.9,4657614.05,2170.82
-11801867.23,4657614.43,2170.8
-11801865.55,4657614.8,2170.76
-11801863.870000001,4657615.18,2170.74
-11801862.22,4657615.5600000005,2170.72
-11801860.57,4657615.91,2170.74
-11801858.86,4657616.3,2170.76
-11801857.200000001,4657616.68,2170.76
-11801855.51,4657617.0600000005,2170.74
-11801853.85,4657617.42,2170.75
-11801852.200000001,4657617.8,2170.76
-11801850.51,4657618.18,2170.76
-11801848.86,4657618.5600000005,2170.73
-11801847.17,4657618.93,2170.78
-11801845.53,4657619.29,2170.74
-11801843.85,4657619.68,2170.73
-11801842.18,4657620.05,2170.76
-11801840.52,4657620.43,2170.72
-11801838.83,4657620.8,2170.71
-11801837.18,4657621.17,2170.72
-11801835.53,4657621.55,2170.69
-11801833.86,4657621.92,2170.71
-11801832.19,4657622.29,2170.74
-11801830.51,4657622.66,2170.72
-11801828.86,4657623.05,2170.69
-11801827.19,4657623.42,2170.72
-11801825.51,4657623.78,2170.69
-11801823.83,4657624.17,2170.71
-11801822.16,4657624.55,2170.71
-11801820.52,4657624.91,2170.72
-11801818.86,4657625.29,2170.72
-11801817.200000001,4657625.67,2170.73
-11801815.55,4657626.03,2170.74
-11801813.9,4657626.4,2170.73
-11801812.23,4657626.76,2170.73
-11801812.14,4657624.98,2170.72
-11801813.8,4657624.600000001,2170.73
-11801815.46,4657624.21,2170.73
-11801817.13,4657623.850000001,2170.71
-11801818.790000001,4657623.48,2170.73
-11801820.43,4657623.09,2170.72
-11801822.06,4657622.74,2170.72
-11801823.76,4657622.350000001,2170.71
-11801825.41,4657621.99,2170.71
-11801827.11,4657621.59,2170.69
-11801828.78,4657621.22,2170.69
-11801830.42,4657620.84,2170.74
-11801832.07,4657620.47,2170.73
-11801833.71,4657620.11,2170.69
-11801835.38,4657619.72,2170.69
-11801837.06,4657619.33,2170.71
-11801838.73,4657618.96,2170.72
-11801840.4,4657618.600000001,2170.74
-11801842.06,4657618.22,2170.74
-11801843.73,4657617.84,2170.76
-11801845.38,4657617.47,2170.76
-11801847.040000001,4657617.08,2170.76
-11801848.700000001,4657616.72,2170.71
-11801850.35,4657616.350000001,2170.77
-11801852.03,4657615.96,2170.75
-11801853.73,4657615.58,2170.73
-11801855.36,4657615.21,2170.74
-11801857.0,4657614.82,2170.72
-11801858.71,4657614.46,2170.72
-11801860.39,4657614.08,2170.72
-11801856.64,4657614.13,2170.73
-11801854.96,4657614.5200000005,2170.73
-11801853.290000001,4657614.9,2170.76
-11801851.63,4657615.28,2170.75
-11801849.96,4657615.64,2170.75
-11801848.3,4657616.0200000005,2170.67
-11801846.61,4657616.39,2170.73
-11801844.950000001,4657616.78,2170.73
-11801843.28,4657617.14,2170.73
-11801841.6,4657617.51,2170.73
-11801839.93,4657617.9,2170.71
-11801838.26,4657618.28,2170.71
-11801836.59,4657618.64,2170.71
-11801834.94,4657619.0200000005,2170.69
-11801833.28,4657619.37,2170.67
-11801831.6,4657619.76,2170.71
-11801829.950000001,4657620.14,2170.69
-11801828.3,4657620.49,2170.67
-11801826.64,4657620.88,2170.69
-11801824.97,4657621.25,2170.69
-11801823.31,4657621.61,2170.67
-11801821.63,4657622.0,2170.71
-11801819.98,4657622.37,2170.72
-11801818.32,4657622.74,2170.71
-11801816.66,4657623.11,2170.71
-11801814.99,4657623.47,2170.69
-11801813.34,4657623.86,2170.72
-11801811.69,4657624.23,2170.69
-11801811.47,4657622.600000001,2170.69
-11801813.11,4657622.21,2170.67
-11801814.77,4657621.850000001,2170.71
-11801816.41,4657621.48,2170.69
-11801818.08,4657621.100000001,2170.69
-11801819.75,4657620.73,2170.71
-11801821.42,4657620.350000001,2170.69
-11801823.09,4657619.96,2170.69
-11801824.75,4657619.61,2170.71
-11801826.41,4657619.23,2170.69
-11801828.07,4657618.84,2170.69
-11801829.76,4657618.47,2170.71
-11801831.4,4657618.100000001,2170.72
-11801833.040000001,4657617.73,2170.71
-11801834.700000001,4657617.350000001,2170.73
-11801836.38,4657616.98,2170.73
-11801838.040000001,4657616.59,2170.72
-11801839.71,4657616.22,2170.71
-11801841.38,4657615.84,2170.72
-11801843.040000001,4657615.47,2170.75
-11801844.72,4657615.07,2170.74
-11801846.39,4657614.72,2170.72
-11801848.040000001,4657614.350000001,2170.71
-11801849.700000001,4657613.97,2170.77
-11801844.78,4657614.21,2170.73
-11801843.13,4657614.59,2170.71
-11801841.43,4657614.97,2170.71
-11801839.74,4657615.34,2170.71
-11801838.09,4657615.73,2170.69
-11801836.48,4657616.09,2170.73
-11801834.82,4657616.45,2170.71
-11801833.120000001,4657616.83,2170.71
-11801831.4,4657617.22,2170.71
-11801829.76,4657617.59,2170.69
-11801828.14,4657617.95,2170.69
-11801826.48,4657618.32,2170.69
-11801824.82,4657618.7,2170.69
-11801823.13,4657619.07,2170.69
-11801821.450000001,4657619.45,2170.69
-11801819.790000001,4657619.82,2170.71
-11801818.16,4657620.18,2170.71
-11801816.49,4657620.5600000005,2170.71
-11801814.81,4657620.94,2170.69
-11801813.13,4657621.3,2170.69
-11801811.49,4657621.68,2170.67
-11801812.88,4657619.73,2170.69
-11801814.540000001,4657619.350000001,2170.69
-11801816.200000001,4657618.97,2170.71
-11801817.89,4657618.58,2170.67
-11801819.55,4657618.23,2170.69
-11801821.19,4657617.850000001,2170.69
-11801822.85,4657617.47,2170.67
-11801824.5,4657617.11,2170.69
-11801826.17,4657616.72,2170.67
-11801827.82,4657616.350000001,2170.69
-11801829.49,4657615.99,2170.65
-11801831.17,4657615.600000001,2170.69
-11801832.83,4657615.23,2170.71
-11801834.52,4657614.84,2170.72
-11801836.18,4657614.48,2170.71
-11801837.81,4657614.100000001,2170.71
-11801834.77,4657613.94,2170.69
-11801833.1,4657614.29,2170.71
-11801831.44,4657614.68,2170.69
-11801829.76,4657615.0600000005,2170.69
-11801828.09,4657615.41,2170.69
-11801826.42,4657615.8,2170.69
-11801824.77,4657616.17,2170.72
-11801823.120000001,4657616.55,2170.67
-11801821.44,4657616.92,2170.67
-11801819.78,4657617.28,2170.69
-11801818.120000001,4657617.67,2170.69
-11801816.450000001,4657618.03,2170.67
-11801814.81,4657618.4,2170.67
-11801813.14,4657618.7700000005,2170.65
-11801811.450000001,4657619.15,2170.65
-11801812.08,4657617.62,2170.67
-11801813.72,4657617.23,2170.67
-11801815.41,4657616.86,2170.69
-11801817.08,4657616.49,2170.71
-11801818.72,4657616.11,2170.69
-11801820.35,4657615.76,2170.69
-11801822.01,4657615.38,2170.67
-11801823.69,4657614.99,2170.67
-11801825.36,4657614.62,2170.72
-11801827.01,4657614.25,2170.69
-11801824.21,4657613.96,2170.67
-11801822.540000001,4657614.32,2170.67
-11801820.89,4657614.7,2170.69
-11801819.24,4657615.0600000005,2170.67
-11801817.59,4657615.43,2170.67
-11801815.91,4657615.8100000005,2170.67
-11801814.24,4657616.18,2170.65
-11801812.58,4657616.55,2170.65
-11801811.51,4657615.47,2170.63
-11801813.16,4657615.100000001,2170.65
-11801814.83,4657614.73,2170.67
-11801816.48,4657614.36,2170.69
-11801818.13,4657613.97,2170.69
-11801814.15,4657613.97,2170.63
-11801812.47,4657614.36,2170.65
-11801873.98,4657630.87,2170.86
-11801875.66,4657630.41,2170.88
-11801876.3,4657628.4,2170.9
-11801874.63,4657628.850000001,2170.88
-11801872.950000001,4657629.33,2170.86
-11801871.27,4657629.8,2170.86
-11801869.58,4657630.28,2170.86
-11801867.91,4657630.74,2170.86
-11801865.83,4657630.68,2170.85
-11801867.51,4657630.2,2170.84
-11801869.16,4657629.73,2170.84
-11801870.83,4657629.2700000005,2170.82
-11801872.55,4657628.76,2170.85
-11801874.25,4657628.3100000005,2170.84
-11801875.9,4657627.84,2170.86
-11801877.0,4657625.64,2170.88
-11801875.32,4657626.11,2170.86
-11801873.64,4657626.59,2170.84
-11801871.97,4657627.0600000005,2170.83
-11801870.290000001,4657627.53,2170.83
-11801868.63,4657628.0,2170.82
-11801866.94,4657628.48,2170.84
-11801865.26,4657628.94,2170.82
-11801863.59,4657629.4,2170.82
-11801861.92,4657629.88,2170.81
-11801860.25,4657630.350000001,2170.8
-11801858.59,4657630.83,2170.8
-11801856.27,4657630.8100000005,2170.78
-11801857.94,4657630.350000001,2170.77
-11801859.61,4657629.87,2170.8
-11801861.28,4657629.4,2170.78
-11801862.97,4657628.92,2170.79
-11801864.63,4657628.45,2170.81
-11801866.31,4657627.98,2170.83
-11801868.02,4657627.5,2170.82
-11801869.67,4657627.0200000005,2170.83
-11801871.34,4657626.55,2170.82
-11801873.02,4657626.09,2170.82
-11801874.68,4657625.61,2170.85
-11801876.36,4657625.14,2170.85
-11801876.03,4657623.36,2170.88
-11801874.36,4657623.83,2170.88
-11801872.69,4657624.29,2170.83
-11801871.03,4657624.76,2170.83
-11801869.34,4657625.24,2170.83
-11801867.68,4657625.71,2170.83
-11801865.99,4657626.16,2170.83
-11801864.31,4657626.66,2170.8
-11801862.620000001,4657627.14,2170.8
-11801860.91,4657627.61,2170.8
-11801859.26,4657628.0600000005,2170.82
-11801857.6,4657628.54,2170.82
-11801855.92,4657629.0200000005,2170.81
-11801854.24,4657629.49,2170.8
-11801852.56,4657629.97,2170.81
-11801850.88,4657630.44,2170.8
-11801849.200000001,4657630.89,2170.82
-11801846.43,4657631.04,2170.73
-11801848.11,4657630.5600000005,2170.72
-11801849.83,4657630.08,2170.76
-11801851.53,4657629.58,2170.77
-11801853.200000001,4657629.12,2170.77
-11801854.82,4657628.66,2170.76
-11801856.5,4657628.18,2170.81
-11801858.19,4657627.7,2170.79
-11801859.870000001,4657627.22,2170.77
-11801861.540000001,4657626.75,2170.77
-11801863.22,4657626.29,2170.79
-11801864.88,4657625.8100000005,2170.81
-11801866.55,4657625.34,2170.81
-11801868.24,4657624.86,2170.82
-11801869.91,4657624.39,2170.82
-11801871.58,4657623.91,2170.8
-11801873.26,4657623.44,2170.81
-11801874.94,4657622.96,2170.85
-11801876.620000001,4657622.47,2170.86
-11801876.64,4657620.53,2170.85
-11801874.97,4657620.99,2170.85
-11801873.3,4657621.47,2170.83
-11801871.61,4657621.93,2170.8
-11801869.93,4657622.43,2170.83
-11801868.27,4657622.88,2170.85
-11801866.58,4657623.36,2170.81
-11801864.9,4657623.83,2170.79
-11801863.23,4657624.3100000005,2170.8
-11801861.53,4657624.79,2170.78
-11801859.870000001,4657625.26,2170.79
-11801858.21,4657625.71,2170.81
-11801856.53,4657626.19,2170.78
-11801854.82,4657626.66,2170.76
-11801853.14,4657627.15,2170.78
-11801851.47,4657627.61,2170.8
-11801849.790000001,4657628.09,2170.79
-11801848.11,4657628.5600000005,2170.75
-11801846.42,4657629.05,2170.73
-11801844.74,4657629.51,2170.73
-11801843.05,4657629.99,2170.73
-11801841.39,4657630.47,2170.71
-11801839.68,4657630.95,2170.69
-11801836.68,4657631.16,2170.69
-11801838.36,4657630.69,2170.69
-11801840.02,4657630.2,2170.67
-11801841.71,4657629.73,2170.69
-11801843.42,4657629.25,2170.72
-11801845.1,4657628.7700000005,2170.71
-11801846.78,4657628.3,2170.74
-11801848.47,4657627.82,2170.72
-11801850.17,4657627.34,2170.76
-11801851.84,4657626.86,2170.77
-11801853.5,4657626.39,2170.76
-11801855.18,4657625.91,2170.73
-11801856.870000001,4657625.43,2170.75
-11801858.53,4657624.97,2170.76
-11801860.19,4657624.5,2170.75
-11801861.86,4657624.0200000005,2170.75
-11801863.53,4657623.55,2170.76
-11801865.18,4657623.07,2170.78
-11801866.88,4657622.600000001,2170.8
-11801868.58,4657622.11,2170.8
-11801870.25,4657621.63,2170.81
-11801871.93,4657621.16,2170.78
-11801873.61,4657620.68,2170.81
-11801875.28,4657620.21,2170.81
-11801876.96,4657619.73,2170.81
-11801875.72,4657618.17,2170.85
-11801874.05,4657618.64,2170.85
-11801872.370000001,4657619.12,2170.81
-11801870.700000001,4657619.58,2170.79
-11801869.02,4657620.0600000005,2170.81
-11801867.35,4657620.53,2170.81
-11801865.66,4657621.01,2170.78
-11801863.99,4657621.48,2170.78
-11801862.32,4657621.93,2170.76
-11801860.64,4657622.43,2170.76
-11801858.97,4657622.9,2170.8
-11801857.28,4657623.38,2170.79
-11801855.620000001,4657623.84,2170.75
-11801853.950000001,4657624.3100000005,2170.75
-11801852.25,4657624.79,2170.78
-11801850.57,4657625.2700000005,2170.78
-11801848.86,4657625.75,2170.77
-11801847.18,4657626.22,2170.72
-11801845.52,4657626.69,2170.74
-11801843.84,4657627.16,2170.73
-11801842.16,4657627.64,2170.74
-11801840.49,4657628.100000001,2170.69
-11801838.82,4657628.58,2170.67
-11801837.14,4657629.05,2170.71
-11801835.450000001,4657629.53,2170.69
-11801833.73,4657630.0,2170.69
-11801832.05,4657630.49,2170.72
-11801830.35,4657630.97,2170.69
-11801828.67,4657631.44,2170.69
-11801826.92,4657631.28,2170.67
-11801828.63,4657630.8,2170.69
-11801830.31,4657630.3100000005,2170.65
-11801831.99,4657629.84,2170.69
-11801833.67,4657629.36,2170.67
-11801835.35,4657628.89,2170.69
-11801837.02,4657628.41,2170.69
-11801838.71,4657627.93,2170.65
-11801840.38,4657627.46,2170.67
-11801842.06,4657626.97,2170.72
-11801843.74,4657626.5,2170.74
-11801845.4,4657626.0200000005,2170.73
-11801847.07,4657625.55,2170.72
-11801848.78,4657625.07,2170.72
-11801850.47,4657624.59,2170.77
-11801852.120000001,4657624.13,2170.75
-11801853.81,4657623.63,2170.73
-11801855.49,4657623.16,2170.74
-11801857.18,4657622.68,2170.77
-11801858.84,4657622.22,2170.76
-11801860.48,4657621.74,2170.71
-11801862.17,4657621.2700000005,2170.74
-11801863.84,4657620.79,2170.73
-11801865.55,4657620.29,2170.77
-11801867.23,4657619.83,2170.77
-11801868.88,4657619.350000001,2170.78
-11801870.58,4657618.88,2170.78
-11801872.26,4657618.4,2170.79
-11801873.94,4657617.93,2170.81
-11801875.61,4657617.45,2170.83
-11801876.25,4657615.44,2170.84
-11801874.57,4657615.91,2170.83
-11801872.94,4657616.36,2170.8
-11801871.26,4657616.84,2170.78
-11801869.59,4657617.33,2170.79
-11801867.9,4657617.8100000005,2170.79
-11801866.19,4657618.29,2170.76
-11801864.55,4657618.75,2170.74
-11801862.870000001,4657619.22,2170.72
-11801861.17,4657619.7,2170.75
-11801859.49,4657620.17,2170.75
-11801857.82,4657620.65,2170.77
-11801856.14,4657621.12,2170.74
-11801854.47,4657621.59,2170.73
-11801852.78,4657622.07,2170.76
-11801851.08,4657622.53,2170.77
-11801849.42,4657623.01,2170.76
-11801847.72,4657623.48,2170.71
-11801846.040000001,4657623.98,2170.74
-11801844.39,4657624.43,2170.73
-11801842.71,4657624.91,2170.73
-11801841.0,4657625.38,2170.69
-11801839.3,4657625.87,2170.69
-11801837.64,4657626.34,2170.69
-11801835.99,4657626.82,2170.69
-11801834.27,4657627.3,2170.69
-11801832.58,4657627.7700000005,2170.69
-11801830.93,4657628.25,2170.69
-11801829.22,4657628.72,2170.69
-11801827.5,4657629.21,2170.67
-11801825.81,4657629.69,2170.69
-11801824.120000001,4657630.16,2170.69
-11801822.46,4657630.64,2170.72
-11801820.77,4657631.11,2170.73
-11801819.09,4657631.59,2170.73
-11801817.200000001,4657631.49,2170.67
-11801818.86,4657631.01,2170.69
-11801820.540000001,4657630.5200000005,2170.69
-11801822.21,4657630.0600000005,2170.69
-11801823.9,4657629.57,2170.67
-11801825.58,4657629.100000001,2170.67
-11801827.24,4657628.62,2170.69
-11801828.92,4657628.15,2170.67
-11801830.620000001,4657627.66,2170.69
-11801832.32,4657627.18,2170.69
-11801833.97,4657626.71,2170.65
-11801835.64,4657626.23,2170.69
-11801837.31,4657625.7700000005,2170.67
-11801839.0,4657625.28,2170.67
-11801840.67,4657624.79,2170.67
-11801842.35,4657624.32,2170.71
-11801844.03,4657623.84,2170.72
-11801845.72,4657623.38,2170.74
-11801847.4,4657622.9,2170.69
-11801849.1,4657622.4,2170.75
-11801850.77,4657621.93,2170.75
-11801852.44,4657621.45,2170.74
-11801854.120000001,4657620.99,2170.74
-11801855.8,4657620.51,2170.73
-11801857.48,4657620.03,2170.74
-11801859.16,4657619.54,2170.73
-11801860.82,4657619.0600000005,2170.72
-11801862.5,4657618.600000001,2170.71
-11801864.17,4657618.12,2170.71
-11801865.88,4657617.64,2170.74
-11801867.56,4657617.17,2170.77
-11801869.200000001,4657616.7,2170.8
-11801870.870000001,4657616.22,2170.77
-11801872.56,4657615.73,2170.79
-11801874.25,4657615.26,2170.82
-11801875.91,4657614.78,2170.79
-11801871.98,4657613.99,2170.79
-11801870.3,4657614.46,2170.79
-11801868.620000001,4657614.94,2170.79
-11801866.96,4657615.4,2170.78
-11801865.31,4657615.86,2170.74
-11801863.6,4657616.350000001,2170.71
-11801861.92,4657616.8100000005,2170.71
-11801860.24,4657617.3,2170.71
-11801858.56,4657617.78,2170.74
-11801856.88,4657618.25,2170.74
-11801855.18,4657618.73,2170.72
-11801853.540000001,4657619.2,2170.74
-11801851.86,4657619.68,2170.75
-11801850.16,4657620.15,2170.75
-11801848.48,4657620.63,2170.72
-11801846.81,4657621.09,2170.75
-11801845.120000001,4657621.57,2170.72
-11801843.450000001,4657622.05,2170.73
-11801841.76,4657622.5200000005,2170.73
-11801840.120000001,4657622.98,2170.69
-11801838.42,4657623.47,2170.69
-11801836.700000001,4657623.96,2170.71
-11801835.02,4657624.43,2170.69
-11801833.33,4657624.91,2170.69
-11801831.66,4657625.37,2170.69
-11801829.98,4657625.86,2170.69
-11801828.290000001,4657626.34,2170.69
-11801826.59,4657626.82,2170.69
-11801824.91,4657627.29,2170.67
-11801823.22,4657627.7700000005,2170.69
-11801821.540000001,4657628.25,2170.72
-11801819.84,4657628.73,2170.69
-11801818.15,4657629.21,2170.73
-11801816.49,4657629.68,2170.72
-11801814.8,4657630.16,2170.71
-11801813.08,4657630.64,2170.72
-11801812.4,4657630.22,2170.67
-11801814.09,4657629.73,2170.71
-11801815.790000001,4657629.26,2170.69
-11801817.47,4657628.78,2170.69
-11801819.15,4657628.29,2170.69
-11801820.82,4657627.83,2170.69
-11801822.47,4657627.34,2170.63
-11801824.16,4657626.87,2170.65
-11801825.85,4657626.39,2170.65
-11801827.53,4657625.9,2170.65
-11801829.23,4657625.43,2170.65
-11801830.94,4657624.94,2170.65
-11801832.620000001,4657624.47,2170.67
-11801834.25,4657624.0,2170.67
-11801835.89,4657623.54,2170.67
-11801837.57,4657623.0600000005,2170.67
-11801839.26,4657622.5600000005,2170.65
-11801840.94,4657622.09,2170.69
-11801842.63,4657621.61,2170.69
-11801844.3,4657621.15,2170.74
-11801845.99,4657620.65,2170.71
-11801847.67,4657620.17,2170.67
-11801849.370000001,4657619.69,2170.74
-11801851.06,4657619.22,2170.74
-11801852.700000001,4657618.74,2170.73
-11801854.36,4657618.28,2170.72
-11801856.03,4657617.8,2170.72
-11801857.73,4657617.32,2170.69
-11801859.43,4657616.84,2170.71
-11801861.08,4657616.37,2170.67
-11801862.74,4657615.89,2170.69
-11801864.42,4657615.42,2170.71
-11801866.1,4657614.94,2170.73
-11801867.77,4657614.46,2170.76
-11801869.450000001,4657613.99,2170.78
-11801862.48,4657614.0200000005,2170.69
-11801860.81,4657614.5,2170.69
-11801859.1,4657614.97,2170.67
-11801857.42,4657615.45,2170.69
-11801855.76,4657615.91,2170.74
-11801854.1,4657616.39,2170.69
-11801852.43,4657616.86,2170.73
-11801850.72,4657617.34,2170.72
-11801849.03,4657617.82,2170.71
-11801847.36,4657618.3,2170.69
-11801845.69,4657618.7700000005,2170.74
-11801844.02,4657619.24,2170.71
-11801842.33,4657619.72,2170.72
-11801840.63,4657620.2,2170.67
-11801838.950000001,4657620.68,2170.67
-11801837.3,4657621.13,2170.67
-11801835.59,4657621.63,2170.67
-11801833.9,4657622.11,2170.67
-11801832.22,4657622.58,2170.67
-11801830.540000001,4657623.0600000005,2170.67
-11801828.85,4657623.54,2170.65
-11801827.15,4657624.0200000005,2170.65
-11801825.47,4657624.5,2170.67
-11801823.77,4657624.97,2170.65
-11801822.09,4657625.45,2170.67
-11801820.42,4657625.91,2170.69
-11801818.72,4657626.41,2170.69
-11801817.02,4657626.89,2170.69
-11801815.33,4657627.36,2170.72
-11801813.620000001,4657627.850000001,2170.71
-11801811.94,4657628.32,2170.69
-11801812.76,4657627.45,2170.67
-11801814.42,4657626.96,2170.67
-11801816.1,4657626.49,2170.65
-11801817.77,4657626.01,2170.67
-11801819.44,4657625.54,2170.67
-11801821.13,4657625.0600000005,2170.67
-11801822.82,4657624.57,2170.65
-11801824.5,4657624.100000001,2170.67
-11801826.17,4657623.62,2170.65
-11801827.83,4657623.15,2170.65
-11801829.52,4657622.66,2170.67
-11801831.22,4657622.16,2170.67
-11801832.88,4657621.71,2170.67
-11801834.57,4657621.23,2170.67
-11801836.23,4657620.75,2170.67
-11801837.9,4657620.28,2170.67
-11801839.57,4657619.8,2170.65
-11801841.26,4657619.32,2170.67
-11801842.96,4657618.83,2170.69
-11801844.65,4657618.36,2170.74
-11801846.32,4657617.88,2170.67
-11801847.99,4657617.39,2170.65
-11801849.71,4657616.92,2170.74
-11801851.36,4657616.44,2170.71
-11801853.03,4657615.97,2170.69
-11801854.72,4657615.49,2170.67
-11801856.38,4657615.0,2170.69
-11801858.040000001,4657614.54,2170.67
-11801859.72,4657614.05,2170.67
-11801853.120000001,4657613.98,2170.72
-11801851.44,4657614.46,2170.72
-11801849.76,4657614.93,2170.73
-11801848.07,4657615.41,2170.65
-11801846.41,4657615.88,2170.67
-11801844.73,4657616.36,2170.69
-11801843.05,4657616.82,2170.67
-11801841.34,4657617.32,2170.67
-11801839.66,4657617.79,2170.67
-11801837.99,4657618.2700000005,2170.67
-11801836.31,4657618.73,2170.67
-11801834.620000001,4657619.21,2170.65
-11801832.94,4657619.7,2170.65
-11801831.27,4657620.16,2170.67
-11801829.59,4657620.64,2170.67
-11801827.9,4657621.12,2170.65
-11801826.18,4657621.600000001,2170.65
-11801824.5,4657622.09,2170.65
-11801822.81,4657622.55,2170.65
-11801821.120000001,4657623.03,2170.69
-11801819.43,4657623.51,2170.67
-11801817.75,4657623.99,2170.69
-11801816.03,4657624.48,2170.69
-11801814.32,4657624.97,2170.69
-11801812.64,4657625.42,2170.69
-11801811.35,4657625.22,2170.65
-11801813.03,4657624.73,2170.65
-11801814.700000001,4657624.26,2170.67
-11801816.35,4657623.78,2170.67
-11801818.040000001,4657623.3100000005,2170.67
-11801819.74,4657622.82,2170.67
-11801821.43,4657622.34,2170.67
-11801823.13,4657621.86,2170.61
-11801824.82,4657621.38,2170.63
-11801826.49,4657620.88,2170.63
-11801828.14,4657620.43,2170.65
-11801829.82,4657619.94,2170.65
-11801831.52,4657619.47,2170.65
-11801833.200000001,4657618.99,2170.65
-11801834.870000001,4657618.49,2170.65
-11801836.56,4657618.03,2170.67
-11801838.23,4657617.55,2170.65
-11801839.88,4657617.08,2170.67
-11801841.55,4657616.600000001,2170.65
-11801843.25,4657616.100000001,2170.67
-11801844.94,4657615.65,2170.67
-11801846.620000001,4657615.16,2170.67
-11801848.290000001,4657614.69,2170.63
-11801849.950000001,4657614.21,2170.69
-11801843.49,4657614.01,2170.67
-11801841.82,4657614.49,2170.69
-11801840.13,4657614.96,2170.69
-11801838.46,4657615.44,2170.65
-11801836.78,4657615.91,2170.65
-11801835.1,4657616.39,2170.63
-11801833.41,4657616.86,2170.69
-11801831.700000001,4657617.350000001,2170.69
-11801830.03,4657617.83,2170.67
-11801828.34,4657618.3,2170.65
-11801826.64,4657618.79,2170.65
-11801824.96,4657619.25,2170.67
-11801823.27,4657619.74,2170.65
-11801821.6,4657620.22,2170.65
-11801819.89,4657620.69,2170.67
-11801818.200000001,4657621.18,2170.67
-11801816.51,4657621.64,2170.69
-11801814.83,4657622.13,2170.69
-11801813.14,4657622.61,2170.67
-11801811.450000001,4657623.09,2170.67
-11801811.51,4657622.45,2170.63
-11801813.200000001,4657621.97,2170.65
-11801814.89,4657621.49,2170.65
-11801816.55,4657620.99,2170.65
-11801818.22,4657620.54,2170.65
-11801819.9,4657620.05,2170.65
-11801821.59,4657619.58,2170.63
-11801823.290000001,4657619.08,2170.61
-11801824.94,4657618.600000001,2170.65
-11801826.620000001,4657618.14,2170.67
-11801828.3,4657617.66,2170.65
-11801830.0,4657617.16,2170.63
-11801831.68,4657616.69,2170.65
-11801833.36,4657616.21,2170.63
-11801835.02,4657615.75,2170.61
-11801836.700000001,4657615.2700000005,2170.63
-11801838.4,4657614.79,2170.65
-11801840.06,4657614.3100000005,2170.67
-11801833.82,4657614.07,2170.65
-11801832.15,4657614.55,2170.67
-11801830.450000001,4657615.0200000005,2170.65
-11801828.77,4657615.51,2170.65
-11801827.1,4657615.96,2170.67
-11801825.42,4657616.46,2170.65
-11801823.71,4657616.94,2170.65
-11801822.03,4657617.41,2170.65
-11801820.34,4657617.9,2170.67
-11801818.65,4657618.350000001,2170.67
-11801816.97,4657618.850000001,2170.67
-11801815.27,4657619.33,2170.69
-11801813.57,4657619.8,2170.67
-11801811.89,4657620.28,2170.65
-11801811.4,4657619.79,2170.63
-11801813.08,4657619.3100000005,2170.65
-11801814.78,4657618.82,2170.65
-11801816.44,4657618.350000001,2170.65
-11801818.14,4657617.87,2170.63
-11801819.84,4657617.38,2170.63
-11801821.51,4657616.91,2170.61
-11801823.17,4657616.43,2170.61
-11801824.85,4657615.96,2170.67
-11801826.540000001,4657615.48,2170.61
-11801828.22,4657614.99,2170.61
-11801829.870000001,4657614.53,2170.63
-11801831.55,4657614.04,2170.65
-11801823.83,4657614.2,2170.63
-11801822.14,4657614.68,2170.63
-11801820.46,4657615.16,2170.63
-11801818.76,4657615.65,2170.63
-11801817.07,4657616.13,2170.67
-11801815.39,4657616.59,2170.65
-11801813.71,4657617.07,2170.63
-11801812.02,4657617.54,2170.61
-11801811.38,4657617.05,2170.6
-11801813.05,4657616.59,2170.63
-11801814.72,4657616.100000001,2170.65
-11801816.4,4657615.63,2170.63
-11801818.08,4657615.15,2170.63
-11801819.75,4657614.69,2170.61
-11801821.44,4657614.2,2170.63
-11801813.75,4657614.17,2170.63
-11801812.03,4657614.67,2170.61
-11801812.65,4657613.9,2170.61
-11801806.03,4657631.62,2170.71
-11801807.67,4657631.25,2170.72
-11801809.35,4657630.86,2170.74
-11801811.0,4657630.5,2170.74
-11801811.35,4657629.43,2170.73
-11801809.72,4657629.78,2170.71
-11801808.05,4657630.16,2170.69
-11801806.38,4657630.53,2170.73
-11801804.71,4657630.91,2170.71
-11801803.06,4657631.29,2170.71
-11801801.4,4657631.64,2170.67
-11801793.27,4657631.84,2170.67
-11801794.94,4657631.47,2170.65
-11801796.59,4657631.11,2170.67
-11801798.22,4657630.72,2170.69
-11801799.870000001,4657630.36,2170.69
-11801801.51,4657629.99,2170.69
-11801803.19,4657629.61,2170.72
-11801804.88,4657629.23,2170.71
-11801806.52,4657628.850000001,2170.71
-11801808.18,4657628.46,2170.69
-11801809.84,4657628.11,2170.71
-11801810.58,4657627.15,2170.71
-11801808.92,4657627.5200000005,2170.69
-11801807.26,4657627.88,2170.69
-11801805.58,4657628.2700000005,2170.69
-11801803.91,4657628.65,2170.69
-11801802.23,4657629.0200000005,2170.69
-11801800.56,4657629.39,2170.69
-11801798.93,4657629.7700000005,2170.67
-11801797.28,4657630.14,2170.69
-11801795.67,4657630.5,2170.65
-11801794.01,4657630.86,2170.63
-11801792.31,4657631.26,2170.67
-11801790.620000001,4657631.63,2170.63
-11801782.28,4657631.74,2170.63
-11801783.96,4657631.350000001,2170.63
-11801785.620000001,4657630.98,2170.67
-11801787.27,4657630.61,2170.65
-11801788.92,4657630.23,2170.65
-11801790.56,4657629.86,2170.65
-11801792.23,4657629.49,2170.69
-11801793.89,4657629.11,2170.65
-11801795.56,4657628.73,2170.65
-11801797.200000001,4657628.350000001,2170.69
-11801798.84,4657627.98,2170.67
-11801800.5,4657627.61,2170.65
-11801802.18,4657627.23,2170.69
-11801803.84,4657626.86,2170.69
-11801805.48,4657626.49,2170.69
-11801807.15,4657626.11,2170.69
-11801808.82,4657625.74,2170.69
-11801810.47,4657625.36,2170.69
-11801810.02,4657624.59,2170.67
-11801808.35,4657624.98,2170.67
-11801806.68,4657625.350000001,2170.67
-11801805.03,4657625.73,2170.67
-11801803.38,4657626.09,2170.67
-11801801.71,4657626.46,2170.69
-11801800.03,4657626.850000001,2170.65
-11801798.38,4657627.21,2170.65
-11801796.72,4657627.58,2170.65
-11801795.08,4657627.95,2170.65
-11801793.42,4657628.33,2170.65
-11801791.75,4657628.7,2170.65
-11801790.08,4657629.07,2170.63
-11801788.44,4657629.44,2170.65
-11801786.8,4657629.82,2170.63
-11801785.11,4657630.19,2170.65
-11801783.43,4657630.5600000005,2170.61
-11801781.8,4657630.94,2170.63
-11801780.15,4657631.29,2170.61
-11801778.47,4657631.68,2170.63
-11801776.81,4657632.0600000005,2170.61
-11801770.03,4657631.96,2170.63
-11801771.69,4657631.59,2170.61
-11801773.34,4657631.21,2170.63
-11801774.99,4657630.850000001,2170.63
-11801776.620000001,4657630.47,2170.61
-11801778.27,4657630.100000001,2170.63
-11801779.93,4657629.73,2170.63
-11801781.61,4657629.350000001,2170.61
-11801783.27,4657628.96,2170.63
-11801784.93,4657628.59,2170.63
-11801786.58,4657628.21,2170.67
-11801788.21,4657627.850000001,2170.65
-11801789.9,4657627.47,2170.63
-11801791.55,4657627.100000001,2170.65
-11801793.200000001,4657626.73,2170.65
-11801794.870000001,4657626.350000001,2170.65
-11801796.540000001,4657625.97,2170.65
-11801798.18,4657625.58,2170.65
-11801799.86,4657625.22,2170.67
-11801801.53,4657624.84,2170.67
-11801803.16,4657624.48,2170.67
-11801804.81,4657624.100000001,2170.69
-11801806.48,4657623.72,2170.69
-11801808.16,4657623.33,2170.67
-11801809.81,4657622.97,2170.67
-11801809.84,4657622.03,2170.67
-11801808.17,4657622.42,2170.63
-11801806.48,4657622.8,2170.67
-11801804.83,4657623.16,2170.65
-11801803.16,4657623.54,2170.67
-11801801.51,4657623.92,2170.67
-11801799.86,4657624.28,2170.67
-11801798.21,4657624.65,2170.65
-11801796.540000001,4657625.01,2170.63
-11801794.88,4657625.39,2170.65
-11801793.24,4657625.7700000005,2170.65
-11801791.55,4657626.13,2170.63
-11801789.89,4657626.51,2170.63
-11801788.25,4657626.89,2170.65
-11801786.61,4657627.25,2170.65
-11801784.94,4657627.63,2170.65
-11801783.27,4657628.0,2170.63
-11801781.63,4657628.37,2170.61
-11801779.950000001,4657628.72,2170.63
-11801778.3,4657629.12,2170.63
-11801776.66,4657629.48,2170.61
-11801774.99,4657629.84,2170.61
-11801773.34,4657630.22,2170.61
-11801771.69,4657630.600000001,2170.6
-11801770.06,4657630.95,2170.6
-11801768.4,4657631.32,2170.6
-11801766.69,4657631.71,2170.61
-11801765.040000001,4657632.08,2170.61
-11801758.18,4657632.0600000005,2170.61
-11801759.84,4657631.69,2170.61
-11801761.53,4657631.3,2170.63
-11801763.15,4657630.94,2170.63
-11801764.790000001,4657630.57,2170.61
-11801766.47,4657630.2,2170.61
-11801768.14,4657629.82,2170.59
-11801769.77,4657629.45,2170.61
-11801771.4,4657629.08,2170.59
-11801773.09,4657628.7,2170.61
-11801774.77,4657628.32,2170.61
-11801776.44,4657627.94,2170.61
-11801778.09,4657627.57,2170.61
-11801779.71,4657627.2,2170.61
-11801781.36,4657626.84,2170.6
-11801783.02,4657626.45,2170.61
-11801784.72,4657626.08,2170.65
-11801786.38,4657625.7,2170.65
-11801788.01,4657625.33,2170.63
-11801789.64,4657624.96,2170.63
-11801791.3,4657624.600000001,2170.63
-11801792.99,4657624.19,2170.67
-11801794.67,4657623.83,2170.65
-11801796.290000001,4657623.46,2170.63
-11801797.950000001,4657623.100000001,2170.65
-11801799.63,4657622.71,2170.67
-11801801.31,4657622.33,2170.65
-11801802.96,4657621.95,2170.69
-11801804.55,4657621.600000001,2170.67
-11801806.200000001,4657621.24,2170.67
-11801807.89,4657620.850000001,2170.65
-11801809.58,4657620.47,2170.65
-11801811.24,4657620.09,2170.67
-11801809.790000001,4657619.5200000005,2170.65
-11801808.14,4657619.89,2170.63
-11801806.46,4657620.2700000005,2170.67
-11801804.78,4657620.65,2170.67
-11801803.14,4657621.01,2170.67
-11801801.48,4657621.38,2170.65
-11801799.82,4657621.76,2170.65
-11801798.14,4657622.13,2170.65
-11801796.48,4657622.5,2170.63
-11801794.85,4657622.86,2170.65
-11801793.21,4657623.23,2170.67
-11801791.540000001,4657623.61,2170.63
-11801789.88,4657623.98,2170.61
-11801788.200000001,4657624.36,2170.65
-11801786.540000001,4657624.73,2170.63
-11801784.89,4657625.09,2170.63
-11801783.23,4657625.47,2170.63
-11801781.57,4657625.850000001,2170.61
-11801779.92,4657626.21,2170.61
-11801778.27,4657626.58,2170.6
-11801776.63,4657626.94,2170.59
-11801774.950000001,4657627.33,2170.58
-11801773.27,4657627.71,2170.57
-11801771.61,4657628.07,2170.59
-11801769.97,4657628.44,2170.6
-11801768.31,4657628.8,2170.56
-11801766.66,4657629.18,2170.58
-11801765.0,4657629.5600000005,2170.58
-11801763.36,4657629.92,2170.6
-11801761.71,4657630.29,2170.59
-11801760.040000001,4657630.65,2170.57
-11801758.38,4657631.03,2170.61
-11801756.72,4657631.41,2170.61
-11801755.07,4657631.7700000005,2170.61
-11801753.42,4657632.15,2170.61
-11801747.46,4657632.16,2170.69
-11801749.120000001,4657631.8,2170.63
-11801750.78,4657631.42,2170.61
-11801752.44,4657631.04,2170.6
-11801754.06,4657630.67,2170.63
-11801755.72,4657630.32,2170.6
-11801757.370000001,4657629.94,2170.6
-11801759.03,4657629.55,2170.61
-11801760.69,4657629.2,2170.6
-11801762.33,4657628.82,2170.61
-11801764.01,4657628.44,2170.6
-11801765.64,4657628.08,2170.58
-11801767.3,4657627.69,2170.58
-11801768.96,4657627.33,2170.6
-11801770.6,4657626.96,2170.59
-11801772.28,4657626.57,2170.6
-11801773.93,4657626.21,2170.59
-11801775.56,4657625.84,2170.59
-11801777.21,4657625.47,2170.58
-11801778.870000001,4657625.09,2170.61
-11801780.53,4657624.72,2170.61
-11801782.18,4657624.350000001,2170.63
-11801783.85,4657623.97,2170.63
-11801785.5,4657623.58,2170.65
-11801787.15,4657623.23,2170.63
-11801788.81,4657622.850000001,2170.65
-11801790.47,4657622.46,2170.6
-11801792.15,4657622.100000001,2170.65
-11801793.82,4657621.72,2170.63
-11801795.46,4657621.36,2170.67
-11801797.11,4657620.98,2170.65
-11801798.76,4657620.600000001,2170.63
-11801800.43,4657620.24,2170.65
-11801802.09,4657619.86,2170.65
-11801803.76,4657619.48,2170.65
-11801805.43,4657619.12,2170.65
-11801807.1,4657618.74,2170.65
-11801808.75,4657618.36,2170.61
-11801810.42,4657617.98,2170.65
-11801810.94,4657616.91,2170.63
-11801809.28,4657617.28,2170.63
-11801807.6,4657617.67,2170.63
-11801805.93,4657618.03,2170.65
-11801804.27,4657618.41,2170.63
-11801802.6,4657618.78,2170.65
-11801800.92,4657619.14,2170.65
-11801799.26,4657619.53,2170.65
-11801797.61,4657619.9,2170.61
-11801795.96,4657620.26,2170.63
-11801794.34,4657620.62,2170.65
-11801792.69,4657620.99,2170.63
-11801791.03,4657621.37,2170.61
-11801789.35,4657621.74,2170.61
-11801787.68,4657622.12,2170.61
-11801786.02,4657622.49,2170.61
-11801784.38,4657622.850000001,2170.61
-11801782.700000001,4657623.23,2170.59
-11801781.01,4657623.61,2170.6
-11801779.36,4657623.97,2170.59
-11801777.73,4657624.34,2170.6
-11801776.08,4657624.7,2170.59
-11801774.42,4657625.08,2170.56
-11801772.77,4657625.44,2170.58
-11801771.11,4657625.82,2170.58
-11801769.48,4657626.17,2170.58
-11801767.8,4657626.5600000005,2170.57
-11801766.14,4657626.93,2170.56
-11801764.47,4657627.29,2170.58
-11801762.790000001,4657627.68,2170.57
-11801761.17,4657628.0200000005,2170.57
-11801759.51,4657628.41,2170.6
-11801757.85,4657628.79,2170.59
-11801756.18,4657629.16,2170.6
-11801754.53,4657629.5200000005,2170.61
-11801752.86,4657629.89,2170.58
-11801751.23,4657630.26,2170.59
-11801749.6,4657630.61,2170.61
-11801747.92,4657631.0,2170.65
-11801746.25,4657631.38,2170.69
-11801744.6,4657631.73,2170.67
-11801742.96,4657632.11,2170.73
-11801736.96,4657632.24,2170.94
-11801738.56,4657631.88,2171.27
-11801740.19,4657631.5,2171.54
-11801741.9,4657631.12,2170.98
-11801743.58,4657630.73,2170.67
-11801745.200000001,4657630.38,2170.65
-11801746.85,4657630.0,2170.63
-11801748.53,4657629.64,2170.63
-11801750.21,4657629.26,2170.61
-11801751.870000001,4657628.88,2170.59
-11801753.5,4657628.5200000005,2170.6
-11801755.16,4657628.14,2170.6
-11801756.81,4657627.78,2170.58
-11801758.48,4657627.4,2170.58
-11801760.14,4657627.0200000005,2170.58
-11801761.76,4657626.66,2170.57
-11801763.41,4657626.29,2170.58
-11801765.07,4657625.9,2170.56
-11801766.74,4657625.54,2170.56
-11801768.42,4657625.16,2170.56
-11801770.07,4657624.79,2170.56
-11801771.700000001,4657624.43,2170.54
-11801773.33,4657624.0600000005,2170.57
-11801775.01,4657623.69,2170.56
-11801776.68,4657623.3100000005,2170.57
-11801778.32,4657622.92,2170.6
-11801779.98,4657622.57,2170.59
-11801781.66,4657622.19,2170.58
-11801783.32,4657621.8100000005,2170.59
-11801784.96,4657621.45,2170.61
-11801786.63,4657621.0600000005,2170.61
-11801788.290000001,4657620.69,2170.61
-11801789.93,4657620.33,2170.63
-11801791.59,4657619.94,2170.63
-11801793.26,4657619.57,2170.65
-11801794.9,4657619.21,2170.65
-11801796.56,4657618.84,2170.63
-11801798.23,4657618.46,2170.63
-11801799.88,4657618.09,2170.65
-11801801.540000001,4657617.72,2170.65
-11801803.19,4657617.350000001,2170.65
-11801804.85,4657616.95,2170.65
-11801806.52,4657616.600000001,2170.67
-11801808.18,4657616.22,2170.63
-11801809.86,4657615.83,2170.65
-11801810.8,4657614.73,2170.63
-11801809.14,4657615.100000001,2170.63
-11801807.44,4657615.48,2170.63
-11801805.76,4657615.850000001,2170.63
-11801804.11,4657616.22,2170.61
-11801802.47,4657616.58,2170.63
-11801800.83,4657616.95,2170.65
-11801799.16,4657617.33,2170.65
-11801797.5,4657617.68,2170.61
-11801795.84,4657618.07,2170.61
-11801794.18,4657618.43,2170.63
-11801792.53,4657618.8100000005,2170.67
-11801790.88,4657619.18,2170.61
-11801789.22,4657619.54,2170.6
-11801787.540000001,4657619.92,2170.6
-11801785.870000001,4657620.3,2170.6
-11801784.21,4657620.66,2170.61
-11801782.58,4657621.0200000005,2170.59
-11801780.9,4657621.39,2170.59
-11801779.200000001,4657621.78,2170.57
-11801777.56,4657622.15,2170.58
-11801775.93,4657622.51,2170.58
-11801774.27,4657622.87,2170.57
-11801772.6,4657623.25,2170.58
-11801770.97,4657623.62,2170.57
-11801769.33,4657623.98,2170.56
-11801767.65,4657624.36,2170.54
-11801765.99,4657624.71,2170.55
-11801764.32,4657625.100000001,2170.57
-11801762.68,4657625.47,2170.56
-11801761.02,4657625.83,2170.56
-11801759.34,4657626.21,2170.58
-11801757.68,4657626.59,2170.57
-11801756.040000001,4657626.95,2170.58
-11801754.39,4657627.3,2170.59
-11801752.75,4657627.68,2170.58
-11801751.11,4657628.0600000005,2170.58
-11801749.42,4657628.42,2170.61
-11801747.77,4657628.8,2170.63
-11801746.11,4657629.15,2170.67
-11801744.47,4657629.53,2170.67
-11801742.82,4657629.88,2170.71
-11801741.11,4657630.2700000005,2171.22
-11801739.42,4657630.65,2171.63
-11801737.84,4657631.01,2171.05
-11801736.22,4657631.38,2170.88
-11801734.58,4657631.74,2170.63
-11801732.92,4657632.11,2170.65
-11801731.28,4657632.47,2170.6
-11801725.03,4657632.36,2170.6
-11801726.67,4657631.98,2170.61
-11801728.3,4657631.63,2170.6
-11801729.96,4657631.26,2170.61
-11801731.6,4657630.87,2170.61
-11801733.26,4657630.51,2170.65
-11801734.9,4657630.14,2170.67
-11801736.55,4657629.7700000005,2170.92
-11801738.19,4657629.39,2171.04
-11801739.81,4657629.03,2171.58
-11801741.5,4657628.65,2171.13
-11801743.17,4657628.2700000005,2170.69
-11801744.83,4657627.91,2170.67
-11801746.49,4657627.53,2170.65
-11801748.14,4657627.15,2170.63
-11801749.83,4657626.79,2170.6
-11801751.48,4657626.41,2170.57
-11801753.1,4657626.03,2170.57
-11801754.77,4657625.67,2170.57
-11801756.44,4657625.3,2170.56
-11801758.08,4657624.93,2170.56
-11801759.77,4657624.55,2170.56
-11801761.38,4657624.17,2170.57
-11801763.03,4657623.82,2170.56
-11801764.71,4657623.44,2170.56
-11801766.39,4657623.05,2170.56
-11801768.05,4657622.69,2170.55
-11801769.67,4657622.32,2170.55
-11801771.31,4657621.96,2170.55
-11801772.98,4657621.58,2170.58
-11801774.65,4657621.19,2170.56
-11801776.31,4657620.82,2170.59
-11801777.98,4657620.46,2170.59
-11801779.61,4657620.07,2170.59
-11801781.26,4657619.72,2170.61
-11801782.93,4657619.34,2170.59
-11801784.58,4657618.95,2170.59
-11801786.23,4657618.600000001,2170.61
-11801787.88,4657618.22,2170.6
-11801789.56,4657617.84,2170.61
-11801791.24,4657617.46,2170.61
-11801792.91,4657617.09,2170.61
-11801794.53,4657616.74,2170.61
-11801796.17,4657616.36,2170.63
-11801797.84,4657615.99,2170.61
-11801799.5,4657615.62,2170.63
-11801801.17,4657615.24,2170.65
-11801802.81,4657614.87,2170.61
-11801804.43,4657614.51,2170.63
-11801806.11,4657614.13,2170.61
-11801802.6,4657614.04,2170.61
-11801800.93,4657614.42,2170.63
-11801799.27,4657614.7700000005,2170.63
-11801797.58,4657615.16,2170.61
-11801795.9,4657615.54,2170.61
-11801794.28,4657615.9,2170.61
-11801792.620000001,4657616.2700000005,2170.61
-11801790.96,4657616.63,2170.61
-11801789.31,4657617.01,2170.61
-11801787.63,4657617.39,2170.6
-11801785.98,4657617.75,2170.59
-11801784.33,4657618.12,2170.61
-11801782.66,4657618.48,2170.58
-11801781.0,4657618.86,2170.57
-11801779.36,4657619.21,2170.58
-11801777.66,4657619.600000001,2170.57
-11801776.0,4657619.98,2170.58
-11801774.36,4657620.350000001,2170.55
-11801772.69,4657620.72,2170.57
-11801771.05,4657621.08,2170.55
-11801769.4,4657621.45,2170.53
-11801767.76,4657621.8100000005,2170.54
-11801766.1,4657622.2,2170.56
-11801764.450000001,4657622.5600000005,2170.54
-11801762.78,4657622.93,2170.54
-11801761.13,4657623.3,2170.55
-11801759.48,4657623.67,2170.56
-11801757.81,4657624.05,2170.55
-11801756.120000001,4657624.4,2170.57
-11801754.47,4657624.79,2170.57
-11801752.85,4657625.15,2170.57
-11801751.200000001,4657625.5200000005,2170.57
-11801749.52,4657625.88,2170.58
-11801747.870000001,4657626.25,2170.61
-11801746.23,4657626.62,2170.65
-11801744.59,4657626.98,2170.67
-11801742.92,4657627.37,2170.67
-11801741.21,4657627.74,2171.1
-11801739.51,4657628.11,2171.55
-11801737.9,4657628.47,2171.09
-11801736.32,4657628.84,2170.9
-11801734.68,4657629.2,2170.63
-11801732.97,4657629.57,2170.65
-11801731.32,4657629.94,2170.58
-11801729.68,4657630.32,2170.6
-11801728.040000001,4657630.69,2170.61
-11801726.39,4657631.05,2170.6
-11801724.74,4657631.42,2170.58
-11801724.91,4657630.05,2170.59
-11801726.56,4657629.69,2170.61
-11801728.21,4657629.3,2170.6
-11801729.870000001,4657628.93,2170.6
-11801731.51,4657628.57,2170.58
-11801733.17,4657628.18,2170.63
-11801734.8,4657627.83,2170.67
-11801736.42,4657627.46,2170.86
-11801738.08,4657627.09,2171.1
-11801739.71,4657626.71,2171.5
-11801741.42,4657626.34,2170.94
-11801743.11,4657625.97,2170.67
-11801744.73,4657625.59,2170.65
-11801746.370000001,4657625.22,2170.63
-11801748.05,4657624.86,2170.6
-11801749.74,4657624.47,2170.57
-11801751.39,4657624.100000001,2170.57
-11801753.02,4657623.74,2170.56
-11801754.68,4657623.36,2170.53
-11801756.31,4657623.0,2170.57
-11801757.96,4657622.63,2170.54
-11801759.6,4657622.25,2170.56
-11801761.28,4657621.88,2170.54
-11801762.96,4657621.51,2170.55
-11801764.6,4657621.13,2170.56
-11801766.25,4657620.76,2170.54
-11801767.91,4657620.39,2170.53
-11801769.540000001,4657620.03,2170.54
-11801771.22,4657619.65,2170.56
-11801772.9,4657619.2700000005,2170.56
-11801774.56,4657618.89,2170.54
-11801776.22,4657618.53,2170.59
-11801777.86,4657618.17,2170.59
-11801779.51,4657617.7700000005,2170.59
-11801781.16,4657617.42,2170.6
-11801782.83,4657617.05,2170.57
-11801784.5,4657616.67,2170.59
-11801786.16,4657616.29,2170.61
-11801787.81,4657615.91,2170.6
-11801789.47,4657615.55,2170.61
-11801791.15,4657615.17,2170.63
-11801792.8,4657614.79,2170.63
-11801794.42,4657614.44,2170.61
-11801796.08,4657614.0600000005,2170.63
-11801792.120000001,4657614.0600000005,2170.61
-11801790.42,4657614.45,2170.59
-11801788.73,4657614.82,2170.6
-11801787.05,4657615.2,2170.6
-11801785.38,4657615.57,2170.61
-11801783.71,4657615.95,2170.59
-11801782.040000001,4657616.32,2170.57
-11801780.370000001,4657616.69,2170.56
-11801778.71,4657617.07,2170.56
-11801776.99,4657617.43,2170.58
-11801775.32,4657617.82,2170.57
-11801773.67,4657618.19,2170.55
-11801771.99,4657618.55,2170.57
-11801770.32,4657618.93,2170.55
-11801768.64,4657619.3100000005,2170.54
-11801766.98,4657619.67,2170.53
-11801765.31,4657620.05,2170.52
-11801763.620000001,4657620.43,2170.54
-11801761.92,4657620.8100000005,2170.53
-11801760.28,4657621.17,2170.55
-11801758.620000001,4657621.53,2170.55
-11801756.94,4657621.91,2170.54
-11801755.27,4657622.29,2170.53
-11801753.57,4657622.66,2170.55
-11801751.93,4657623.03,2170.56
-11801750.290000001,4657623.38,2170.56
-11801748.61,4657623.78,2170.57
-11801746.92,4657624.15,2170.6
-11801745.27,4657624.5200000005,2170.65
-11801743.58,4657624.9,2170.67
-11801741.93,4657625.25,2170.74
-11801740.22,4657625.64,2171.3
-11801738.52,4657626.0200000005,2171.63
-11801736.92,4657626.37,2170.88
-11801735.28,4657626.75,2170.67
-11801733.620000001,4657627.100000001,2170.65
-11801731.97,4657627.49,2170.6
-11801730.31,4657627.850000001,2170.59
-11801728.620000001,4657628.23,2170.61
-11801726.98,4657628.59,2170.61
-11801725.32,4657628.96,2170.57
-11801724.89,4657627.82,2170.57
-11801726.52,4657627.45,2170.58
-11801728.18,4657627.08,2170.61
-11801729.83,4657626.7,2170.58
-11801731.49,4657626.33,2170.58
-11801733.120000001,4657625.97,2170.61
-11801734.78,4657625.600000001,2170.61
-11801736.41,4657625.23,2170.81
-11801738.05,4657624.850000001,2171.36
-11801739.700000001,4657624.49,2171.48
-11801741.38,4657624.11,2170.86
-11801743.05,4657623.73,2170.65
-11801744.69,4657623.37,2170.63
-11801746.370000001,4657622.99,2170.61
-11801748.03,4657622.61,2170.56
-11801749.66,4657622.26,2170.54
-11801751.36,4657621.87,2170.54
-11801753.03,4657621.51,2170.55
-11801754.63,4657621.14,2170.52
-11801756.290000001,4657620.75,2170.54
-11801757.94,4657620.4,2170.52
-11801759.6,4657620.0200000005,2170.54
-11801761.26,4657619.66,2170.54
-11801762.91,4657619.28,2170.55
-11801764.55,4657618.9,2170.53
-11801766.200000001,4657618.54,2170.53
-11801767.88,4657618.16,2170.54
-11801769.540000001,4657617.8,2170.53
-11801771.21,4657617.42,2170.53
-11801772.85,4657617.04,2170.54
-11801774.51,4657616.68,2170.55
-11801776.17,4657616.3100000005,2170.57
-11801777.81,4657615.95,2170.56
-11801779.47,4657615.57,2170.57
-11801781.14,4657615.19,2170.58
-11801782.81,4657614.8,2170.58
-11801784.46,4657614.45,2170.59
-11801786.08,4657614.08,2170.59
-11801781.47,4657614.17,2170.57
-11801779.8,4657614.5600000005,2170.58
-11801778.16,4657614.93,2170.57
-11801776.51,4657615.29,2170.55
-11801774.84,4657615.67,2170.54
-11801773.19,4657616.0200000005,2170.54
-11801771.53,4657616.4,2170.53
-11801769.85,4657616.78,2170.53
-11801768.21,4657617.14,2170.52
-11801766.56,4657617.51,2170.51
-11801764.9,4657617.89,2170.52
-11801763.26,4657618.25,2170.52
-11801761.58,4657618.62,2170.52
-11801759.92,4657618.99,2170.51
-11801758.290000001,4657619.34,2170.54
-11801756.61,4657619.72,2170.53
-11801754.93,4657620.100000001,2170.52
-11801753.27,4657620.47,2170.54
-11801751.64,4657620.84,2170.55
-11801750.02,4657621.19,2170.53
-11801748.35,4657621.57,2170.56
-11801746.67,4657621.94,2170.58
-11801745.01,4657622.3100000005,2170.61
-11801743.36,4657622.67,2170.65
-11801741.72,4657623.04,2170.75
-11801740.05,4657623.4,2171.19
-11801738.36,4657623.79,2171.52
-11801736.73,4657624.15,2170.8
-11801735.08,4657624.5200000005,2170.65
-11801733.450000001,4657624.89,2170.58
-11801731.78,4657625.26,2170.59
-11801730.13,4657625.62,2170.58
-11801728.48,4657625.99,2170.58
-11801726.83,4657626.36,2170.59
-11801725.200000001,4657626.72,2170.57
-11801724.52,4657625.48,2170.55
-11801726.15,4657625.100000001,2170.56
-11801727.81,4657624.75,2170.57
-11801729.47,4657624.37,2170.56
-11801731.13,4657623.99,2170.57
-11801732.78,4657623.63,2170.56
-11801734.42,4657623.2700000005,2170.61
-11801736.06,4657622.89,2170.79
-11801737.69,4657622.51,2171.34
-11801739.34,4657622.15,2171.63
-11801741.05,4657621.7700000005,2171.04
-11801742.73,4657621.39,2170.67
-11801744.36,4657621.03,2170.63
-11801746.02,4657620.66,2170.61
-11801747.67,4657620.28,2170.56
-11801749.32,4657619.92,2170.52
-11801750.99,4657619.53,2170.51
-11801752.64,4657619.18,2170.54
-11801754.3,4657618.8,2170.52
-11801755.96,4657618.43,2170.53
-11801757.59,4657618.07,2170.53
-11801759.26,4657617.68,2170.52
-11801760.91,4657617.3100000005,2170.52
-11801762.56,4657616.95,2170.51
-11801764.200000001,4657616.59,2170.53
-11801765.86,4657616.21,2170.52
-11801767.5,4657615.84,2170.48
-11801769.18,4657615.47,2170.51
-11801770.870000001,4657615.09,2170.52
-11801772.52,4657614.72,2170.53
-11801774.15,4657614.350000001,2170.54
-11801775.82,4657613.97,2170.58
-11801771.66,4657614.07,2170.52
-11801770.0,4657614.43,2170.51
-11801768.35,4657614.79,2170.5
-11801766.69,4657615.17,2170.51
-11801765.02,4657615.55,2170.5
-11801763.35,4657615.91,2170.5
-11801761.69,4657616.28,2170.5
-11801760.040000001,4657616.66,2170.53
-11801758.41,4657617.0,2170.52
-11801756.75,4657617.39,2170.52
-11801755.11,4657617.75,2170.5
-11801753.42,4657618.12,2170.53
-11801751.77,4657618.49,2170.53
-11801750.13,4657618.850000001,2170.53
-11801748.48,4657619.22,2170.5
-11801746.82,4657619.57,2170.57
-11801745.14,4657619.97,2170.61
-11801743.47,4657620.34,2170.61
-11801741.83,4657620.71,2170.67
-11801740.14,4657621.07,2171.33
-11801738.47,4657621.44,2171.76
-11801736.83,4657621.82,2170.92
-11801735.17,4657622.19,2170.6
-11801733.56,4657622.54,2170.59
-11801731.94,4657622.9,2170.57
-11801730.28,4657623.2700000005,2170.57
-11801728.620000001,4657623.65,2170.57
-11801726.97,4657624.0200000005,2170.55
-11801725.3,4657624.38,2170.55
-11801724.31,4657623.22,2170.52
-11801726.0,4657622.850000001,2170.53
-11801727.64,4657622.47,2170.59
-11801729.3,4657622.100000001,2170.59
-11801730.93,4657621.74,2170.59
-11801732.56,4657621.38,2170.57
-11801734.24,4657621.0,2170.57
-11801735.9,4657620.61,2170.77
-11801737.53,4657620.26,2171.22
-11801739.11,4657619.88,2171.61
-11801740.74,4657619.53,2171.19
-11801742.47,4657619.15,2170.63
-11801744.16,4657618.76,2170.61
-11801745.82,4657618.39,2170.61
-11801747.51,4657618.01,2170.54
-11801749.15,4657617.65,2170.52
-11801750.81,4657617.29,2170.51
-11801752.44,4657616.9,2170.52
-11801754.1,4657616.54,2170.52
-11801755.75,4657616.17,2170.52
-11801757.38,4657615.8,2170.49
-11801759.05,4657615.42,2170.51
-11801760.72,4657615.05,2170.51
-11801762.370000001,4657614.68,2170.52
-11801764.02,4657614.32,2170.52
-11801765.65,4657613.95,2170.49
-11801761.59,4657613.96,2170.5
-11801759.950000001,4657614.34,2170.49
-11801758.34,4657614.69,2170.51
-11801756.69,4657615.07,2170.51
-11801755.040000001,4657615.43,2170.49
-11801753.38,4657615.79,2170.52
-11801751.71,4657616.16,2170.51
-11801750.07,4657616.54,2170.52
-11801748.4,4657616.89,2170.51
-11801746.72,4657617.28,2170.56
-11801745.08,4657617.64,2170.59
-11801743.43,4657618.01,2170.6
-11801741.76,4657618.37,2170.69
-11801740.05,4657618.75,2171.38
-11801738.39,4657619.13,2171.59
-11801736.78,4657619.48,2170.81
-11801735.15,4657619.86,2170.57
-11801733.5,4657620.21,2170.58
-11801731.86,4657620.59,2170.57
-11801730.200000001,4657620.94,2170.55
-11801728.55,4657621.32,2170.54
-11801726.88,4657621.69,2170.55
-11801725.21,4657622.0600000005,2170.52
-11801725.77,4657620.7700000005,2170.54
-11801727.44,4657620.41,2170.53
-11801729.08,4657620.03,2170.55
-11801730.74,4657619.65,2170.56
-11801732.36,4657619.3,2170.54
-11801734.0,4657618.92,2170.58
-11801735.67,4657618.5600000005,2170.65
-11801737.31,4657618.19,2170.84
-11801738.91,4657617.83,2171.65
-11801740.58,4657617.45,2171.25
-11801742.26,4657617.09,2170.63
-11801743.94,4657616.71,2170.6
-11801745.620000001,4657616.33,2170.6
-11801747.28,4657615.94,2170.55
-11801748.9,4657615.59,2170.51
-11801750.55,4657615.21,2170.51
-11801752.22,4657614.850000001,2170.52
-11801753.88,4657614.48,2170.52
-11801755.540000001,4657614.100000001,2170.5
-11801752.120000001,4657613.94,2170.48
-11801750.49,4657614.29,2170.49
-11801748.89,4657614.64,2170.49
-11801747.22,4657615.0200000005,2170.51
-11801745.540000001,4657615.39,2170.57
-11801743.89,4657615.76,2170.58
-11801742.25,4657616.12,2170.58
-11801740.55,4657616.5,2171.22
-11801738.870000001,4657616.87,2171.67
-11801737.25,4657617.23,2170.9
-11801735.58,4657617.61,2170.67
-11801733.96,4657617.96,2170.54
-11801732.31,4657618.34,2170.52
-11801730.69,4657618.69,2170.53
-11801729.05,4657619.07,2170.54
-11801727.35,4657619.44,2170.52
-11801725.71,4657619.8100000005,2170.51
-11801725.73,4657618.41,2170.49
-11801727.370000001,4657618.03,2170.54
-11801729.02,4657617.68,2170.57
-11801730.65,4657617.3,2170.53
-11801732.290000001,4657616.94,2170.54
-11801733.96,4657616.5600000005,2170.56
-11801735.61,4657616.2,2170.65
-11801737.22,4657615.83,2170.8
-11801738.8,4657615.47,2171.71
-11801740.51,4657615.09,2171.21
-11801742.23,4657614.71,2170.6
-11801743.9,4657614.32,2170.57
-11801745.55,4657613.97,2170.57
-11801742.3,4657613.97,2170.55
-11801740.620000001,4657614.350000001,2171.21
-11801738.92,4657614.72,2171.71
-11801737.31,4657615.09,2170.82
-11801735.65,4657615.47,2170.65
-11801733.99,4657615.82,2170.55
-11801732.36,4657616.19,2170.53
-11801730.74,4657616.55,2170.54
-11801729.1,4657616.92,2170.53
-11801727.4,4657617.3,2170.54
-11801725.75,4657617.67,2170.51
-11801725.91,4657616.25,2170.5
-11801727.61,4657615.88,2170.51
-11801729.25,4657615.5,2170.52
-11801730.88,4657615.13,2170.51
-11801732.52,4657614.7700000005,2170.53
-11801734.18,4657614.38,2170.54
-11801735.81,4657614.03,2170.65
-11801731.38,4657614.17,2170.51
-11801729.74,4657614.53,2170.5
-11801728.07,4657614.91,2170.51
-11801726.41,4657615.26,2170.48
-11801724.78,4657615.64,2170.48
-11801724.38,4657614.5600000005,2170.46
-11801726.07,4657614.19,2170.47
-11801811.39,4657631.12,2170.72
-11801809.69,4657631.600000001,2170.71
-11801807.35,4657631.67,2170.67
-11801809.02,4657631.19,2170.67
-11801810.700000001,4657630.7,2170.69
-11801810.26,4657628.8,2170.69
-11801808.58,4657629.2700000005,2170.69
-11801806.870000001,4657629.76,2170.67
-11801805.18,4657630.23,2170.67
-11801803.5,4657630.71,2170.63
-11801801.82,4657631.19,2170.67
-11801800.09,4657631.66,2170.63
-11801797.6,4657631.76,2170.63
-11801799.26,4657631.29,2170.63
-11801800.93,4657630.8100000005,2170.63
-11801802.64,4657630.33,2170.65
-11801804.33,4657629.84,2170.63
-11801806.03,4657629.350000001,2170.65
-11801807.71,4657628.88,2170.67
-11801809.38,4657628.4,2170.67
-11801811.07,4657627.92,2170.67
-11801810.96,4657625.92,2170.67
-11801809.28,4657626.4,2170.67
-11801807.56,4657626.87,2170.67
-11801805.85,4657627.36,2170.65
-11801804.16,4657627.84,2170.63
-11801802.5,4657628.3100000005,2170.65
-11801800.81,4657628.79,2170.65
-11801799.09,4657629.28,2170.65
-11801797.370000001,4657629.76,2170.67
-11801795.68,4657630.24,2170.63
-11801793.99,4657630.71,2170.61
-11801792.31,4657631.2,2170.65
-11801790.59,4657631.69,2170.63
-11801787.8,4657631.92,2170.61
-11801789.51,4657631.44,2170.6
-11801791.15,4657630.97,2170.63
-11801792.82,4657630.49,2170.63
-11801794.5,4657630.01,2170.61
-11801796.17,4657629.53,2170.6
-11801797.85,4657629.0600000005,2170.61
-11801799.53,4657628.58,2170.63
-11801801.22,4657628.100000001,2170.63
-11801802.9,4657627.61,2170.65
-11801804.6,4657627.14,2170.65
-11801806.3,4657626.65,2170.65
-11801807.96,4657626.17,2170.63
-11801809.64,4657625.7,2170.63
-11801809.76,4657623.57,2170.63
-11801808.05,4657624.05,2170.65
-11801806.38,4657624.5200000005,2170.67
-11801804.66,4657625.0,2170.63
-11801802.96,4657625.48,2170.67
-11801801.25,4657625.97,2170.65
-11801799.56,4657626.45,2170.65
-11801797.85,4657626.92,2170.61
-11801796.19,4657627.4,2170.6
-11801794.5,4657627.87,2170.61
-11801792.78,4657628.36,2170.63
-11801791.07,4657628.84,2170.63
-11801789.38,4657629.3100000005,2170.63
-11801787.69,4657629.8100000005,2170.63
-11801785.99,4657630.29,2170.61
-11801784.27,4657630.78,2170.61
-11801782.55,4657631.26,2170.61
-11801780.86,4657631.74,2170.61
-11801777.870000001,4657632.03,2170.55
-11801779.57,4657631.55,2170.57
-11801781.25,4657631.0600000005,2170.58
-11801782.9,4657630.600000001,2170.57
-11801784.61,4657630.11,2170.59
-11801786.290000001,4657629.62,2170.61
-11801787.97,4657629.15,2170.6
-11801789.65,4657628.67,2170.58
-11801791.32,4657628.2,2170.63
-11801793.02,4657627.72,2170.63
-11801794.71,4657627.23,2170.6
-11801796.39,4657626.76,2170.59
-11801798.07,4657626.28,2170.61
-11801799.75,4657625.8,2170.61
-11801801.43,4657625.32,2170.63
-11801803.1,4657624.84,2170.63
-11801804.8,4657624.36,2170.61
-11801806.46,4657623.89,2170.65
-11801808.13,4657623.41,2170.61
-11801809.83,4657622.93,2170.63
-11801810.200000001,4657620.74,2170.63
-11801808.52,4657621.24,2170.61
-11801806.8,4657621.72,2170.65
-11801805.09,4657622.2,2170.65
-11801803.38,4657622.69,2170.65
-11801801.72,4657623.16,2170.63
-11801800.02,4657623.64,2170.63
-11801798.32,4657624.12,2170.63
-11801796.620000001,4657624.59,2170.63
-11801794.9,4657625.08,2170.61
-11801793.22,4657625.5600000005,2170.65
-11801791.52,4657626.03,2170.61
-11801789.8,4657626.5200000005,2170.61
-11801788.1,4657627.0200000005,2170.65
-11801786.42,4657627.47,2170.63
-11801784.74,4657627.97,2170.63
-11801783.01,4657628.45,2170.61
-11801781.3,4657628.93,2170.59
-11801779.620000001,4657629.41,2170.61
-11801777.91,4657629.89,2170.58
-11801776.200000001,4657630.37,2170.59
-11801774.49,4657630.86,2170.59
-11801772.78,4657631.34,2170.58
-11801771.08,4657631.8100000005,2170.58
-11801769.32,4657631.78,2170.54
-11801771.01,4657631.29,2170.57
-11801772.69,4657630.82,2170.58
-11801774.370000001,4657630.34,2170.56
-11801776.06,4657629.86,2170.56
-11801777.74,4657629.38,2170.57
-11801779.44,4657628.9,2170.58
-11801781.13,4657628.42,2170.59
-11801782.790000001,4657627.95,2170.58
-11801784.48,4657627.44,2170.59
-11801786.19,4657626.98,2170.58
-11801787.85,4657626.49,2170.6
-11801789.52,4657626.03,2170.56
-11801791.200000001,4657625.55,2170.58
-11801792.88,4657625.05,2170.61
-11801794.58,4657624.59,2170.6
-11801796.26,4657624.11,2170.6
-11801797.94,4657623.61,2170.63
-11801799.61,4657623.14,2170.61
-11801801.32,4657622.66,2170.61
-11801803.01,4657622.18,2170.63
-11801804.66,4657621.7,2170.61
-11801806.35,4657621.24,2170.61
-11801808.03,4657620.75,2170.6
-11801809.73,4657620.26,2170.61
-11801810.33,4657618.0200000005,2170.61
-11801808.64,4657618.5,2170.6
-11801806.93,4657618.98,2170.63
-11801805.24,4657619.46,2170.65
-11801803.55,4657619.95,2170.63
-11801801.84,4657620.41,2170.61
-11801800.15,4657620.91,2170.63
-11801798.46,4657621.36,2170.63
-11801796.77,4657621.850000001,2170.61
-11801795.06,4657622.350000001,2170.65
-11801793.370000001,4657622.8,2170.63
-11801791.68,4657623.3,2170.61
-11801789.96,4657623.79,2170.6
-11801788.25,4657624.2700000005,2170.61
-11801786.58,4657624.74,2170.61
-11801784.9,4657625.22,2170.61
-11801783.200000001,4657625.7,2170.63
-11801781.48,4657626.18,2170.59
-11801779.78,4657626.66,2170.59
-11801778.08,4657627.14,2170.59
-11801776.34,4657627.64,2170.57
-11801774.65,4657628.12,2170.56
-11801772.93,4657628.58,2170.57
-11801771.22,4657629.08,2170.57
-11801769.5,4657629.57,2170.58
-11801767.8,4657630.04,2170.57
-11801766.1,4657630.53,2170.58
-11801764.370000001,4657631.03,2170.58
-11801762.67,4657631.51,2170.6
-11801760.96,4657631.99,2170.61
-11801759.23,4657631.92,2170.59
-11801760.92,4657631.44,2170.58
-11801762.56,4657630.97,2170.57
-11801764.24,4657630.49,2170.58
-11801765.950000001,4657630.01,2170.56
-11801767.61,4657629.53,2170.55
-11801769.27,4657629.0600000005,2170.54
-11801770.94,4657628.58,2170.57
-11801772.620000001,4657628.100000001,2170.57
-11801774.3,4657627.61,2170.55
-11801775.99,4657627.14,2170.56
-11801777.69,4657626.66,2170.57
-11801779.36,4657626.19,2170.56
-11801781.05,4657625.7,2170.59
-11801782.74,4657625.22,2170.58
-11801784.450000001,4657624.72,2170.58
-11801786.120000001,4657624.26,2170.59
-11801787.790000001,4657623.78,2170.61
-11801789.49,4657623.3,2170.57
-11801791.200000001,4657622.8100000005,2170.56
-11801792.88,4657622.33,2170.59
-11801794.57,4657621.850000001,2170.61
-11801796.25,4657621.37,2170.59
-11801797.92,4657620.88,2170.61
-11801799.6,4657620.43,2170.61
-11801801.28,4657619.93,2170.61
-11801802.97,4657619.46,2170.63
-11801804.63,4657618.98,2170.61
-11801806.33,4657618.49,2170.61
-11801808.0,4657618.0200000005,2170.6
-11801809.69,4657617.54,2170.6
-11801810.35,4657615.14,2170.6
-11801808.69,4657615.62,2170.6
-11801807.0,4657616.08,2170.61
-11801805.28,4657616.58,2170.61
-11801803.57,4657617.0600000005,2170.61
-11801801.9,4657617.53,2170.63
-11801800.22,4657618.01,2170.63
-11801798.48,4657618.47,2170.61
-11801796.790000001,4657618.97,2170.63
-11801795.120000001,4657619.45,2170.63
-11801793.450000001,4657619.92,2170.6
-11801791.75,4657620.4,2170.61
-11801790.0,4657620.89,2170.6
-11801788.31,4657621.36,2170.61
-11801786.59,4657621.850000001,2170.59
-11801784.92,4657622.33,2170.61
-11801783.200000001,4657622.8100000005,2170.59
-11801781.5,4657623.29,2170.57
-11801779.78,4657623.78,2170.56
-11801778.07,4657624.26,2170.57
-11801776.4,4657624.74,2170.56
-11801774.69,4657625.2,2170.53
-11801773.0,4657625.7,2170.55
-11801771.28,4657626.18,2170.53
-11801769.56,4657626.65,2170.55
-11801767.86,4657627.15,2170.55
-11801766.14,4657627.63,2170.55
-11801764.44,4657628.11,2170.55
-11801762.74,4657628.600000001,2170.56
-11801761.03,4657629.08,2170.57
-11801759.34,4657629.54,2170.57
-11801757.6,4657630.04,2170.57
-11801755.9,4657630.53,2170.6
-11801754.19,4657631.01,2170.61
-11801752.46,4657631.49,2170.57
-11801750.78,4657631.97,2170.58
-11801748.790000001,4657632.0600000005,2170.59
-11801750.47,4657631.59,2170.57
-11801752.14,4657631.11,2170.54
-11801753.8,4657630.64,2170.57
-11801755.48,4657630.16,2170.55
-11801757.17,4657629.67,2170.56
-11801758.82,4657629.22,2170.54
-11801760.5,4657628.72,2170.54
-11801762.17,4657628.2700000005,2170.56
-11801763.86,4657627.7700000005,2170.52
-11801765.540000001,4657627.28,2170.52
-11801767.24,4657626.8100000005,2170.53
-11801768.92,4657626.33,2170.52
-11801770.59,4657625.87,2170.53
-11801772.26,4657625.39,2170.52
-11801773.92,4657624.92,2170.52
-11801775.620000001,4657624.44,2170.55
-11801777.3,4657623.94,2170.55
-11801778.97,4657623.48,2170.55
-11801780.67,4657623.0,2170.56
-11801782.370000001,4657622.5,2170.54
-11801784.06,4657622.03,2170.57
-11801785.73,4657621.55,2170.57
-11801787.41,4657621.09,2170.57
-11801789.120000001,4657620.59,2170.58
-11801790.8,4657620.11,2170.59
-11801792.49,4657619.63,2170.61
-11801794.16,4657619.16,2170.58
-11801795.83,4657618.68,2170.6
-11801797.5,4657618.22,2170.59
-11801799.19,4657617.74,2170.6
-11801800.88,4657617.26,2170.6
-11801802.57,4657616.7700000005,2170.61
-11801804.22,4657616.29,2170.57
-11801805.92,4657615.8100000005,2170.59
-11801807.620000001,4657615.32,2170.6
-11801809.290000001,4657614.850000001,2170.59
-11801810.96,4657614.37,2170.58
-11801803.71,4657614.25,2170.59
-11801802.03,4657614.73,2170.58
-11801800.33,4657615.21,2170.61
-11801798.61,4657615.69,2170.6
-11801796.91,4657616.18,2170.61
-11801795.22,4657616.64,2170.61
-11801793.540000001,4657617.13,2170.61
-11801791.84,4657617.61,2170.61
-11801790.120000001,4657618.08,2170.58
-11801788.42,4657618.57,2170.6
-11801786.74,4657619.05,2170.58
-11801785.06,4657619.5200000005,2170.6
-11801783.35,4657620.0,2170.57
-11801781.64,4657620.47,2170.58
-11801779.91,4657620.98,2170.56
-11801778.200000001,4657621.46,2170.57
-11801776.51,4657621.93,2170.54
-11801774.790000001,4657622.42,2170.54
-11801773.07,4657622.9,2170.54
-11801771.39,4657623.37,2170.53
-11801769.68,4657623.86,2170.53
-11801767.97,4657624.34,2170.5
-11801766.26,4657624.8100000005,2170.51
-11801764.58,4657625.3,2170.54
-11801762.870000001,4657625.78,2170.54
-11801761.15,4657626.2700000005,2170.56
-11801759.46,4657626.75,2170.57
-11801757.74,4657627.24,2170.53
-11801756.03,4657627.71,2170.55
-11801754.34,4657628.2,2170.56
-11801752.620000001,4657628.68,2170.54
-11801750.9,4657629.15,2170.56
-11801749.18,4657629.66,2170.59
-11801747.450000001,4657630.14,2170.61
-11801745.73,4657630.63,2170.63
-11801744.040000001,4657631.100000001,2170.67
-11801742.35,4657631.58,2170.76
-11801740.84,4657632.03,2171.38
-11801738.82,4657632.07,2171.44
-11801740.53,4657631.600000001,2171.55
-11801741.99,4657631.16,2170.9
-11801743.6,4657630.71,2170.67
-11801745.24,4657630.24,2170.61
-11801746.92,4657629.76,2170.6
-11801748.6,4657629.28,2170.58
-11801750.27,4657628.79,2170.56
-11801751.94,4657628.33,2170.53
-11801753.620000001,4657627.84,2170.54
-11801755.290000001,4657627.37,2170.55
-11801756.97,4657626.9,2170.55
-11801758.64,4657626.42,2170.54
-11801760.31,4657625.95,2170.54
-11801761.950000001,4657625.47,2170.52
-11801763.63,4657625.01,2170.52
-11801765.34,4657624.5,2170.51
-11801767.03,4657624.03,2170.51
-11801768.700000001,4657623.5600000005,2170.51
-11801770.370000001,4657623.08,2170.52
-11801772.07,4657622.600000001,2170.54
-11801773.75,4657622.11,2170.51
-11801775.450000001,4657621.64,2170.53
-11801777.120000001,4657621.16,2170.53
-11801778.78,4657620.69,2170.52
-11801780.46,4657620.21,2170.53
-11801782.17,4657619.72,2170.57
-11801783.85,4657619.25,2170.57
-11801785.52,4657618.7700000005,2170.56
-11801787.19,4657618.3100000005,2170.56
-11801788.88,4657617.82,2170.57
-11801790.59,4657617.33,2170.57
-11801792.28,4657616.86,2170.61
-11801793.94,4657616.38,2170.56
-11801795.61,4657615.92,2170.58
-11801797.28,4657615.44,2170.61
-11801798.97,4657614.94,2170.59
-11801800.66,4657614.47,2170.58
-11801802.33,4657613.99,2170.56
-11801793.42,4657614.36,2170.59
-11801791.71,4657614.84,2170.58
-11801790.03,4657615.3100000005,2170.56
-11801788.32,4657615.79,2170.56
-11801786.66,4657616.25,2170.57
-11801784.950000001,4657616.74,2170.56
-11801783.23,4657617.23,2170.56
-11801781.540000001,4657617.7,2170.56
-11801779.84,4657618.18,2170.55
-11801778.11,4657618.68,2170.54
-11801776.4,4657619.14,2170.56
-11801774.700000001,4657619.64,2170.52
-11801772.99,4657620.12,2170.53
-11801771.28,4657620.59,2170.53
-11801769.58,4657621.08,2170.52
-11801767.83,4657621.57,2170.5
-11801766.14,4657622.04,2170.53
-11801764.450000001,4657622.5200000005,2170.53
-11801762.71,4657623.0200000005,2170.53
-11801760.99,4657623.48,2170.51
-11801759.3,4657623.98,2170.55
-11801757.58,4657624.46,2170.55
-11801755.91,4657624.93,2170.55
-11801754.21,4657625.41,2170.54
-11801752.46,4657625.9,2170.51
-11801750.74,4657626.38,2170.55
-11801749.01,4657626.88,2170.58
-11801747.32,4657627.36,2170.61
-11801745.63,4657627.82,2170.63
-11801743.93,4657628.32,2170.65
-11801742.22,4657628.8,2170.74
-11801740.72,4657629.24,2171.36
-11801739.08,4657629.72,2171.65
-11801737.09,4657630.25,2170.9
-11801735.31,4657630.75,2170.69
-11801733.56,4657631.24,2170.63
-11801731.82,4657631.72,2170.59
-11801730.11,4657632.22,2170.56
-11801727.94,4657632.37,2170.56
-11801729.620000001,4657631.9,2170.55
-11801731.3,4657631.41,2170.55
-11801732.98,4657630.94,2170.63
-11801734.65,4657630.46,2170.61
-11801736.4,4657629.98,2170.85
-11801738.13,4657629.5,2171.03
-11801739.99,4657628.99,2171.56
-11801741.49,4657628.54,2171.07
-11801743.03,4657628.100000001,2170.63
-11801744.700000001,4657627.62,2170.61
-11801746.36,4657627.15,2170.61
-11801748.01,4657626.67,2170.57
-11801749.69,4657626.2,2170.54
-11801751.39,4657625.72,2170.53
-11801753.040000001,4657625.23,2170.51
-11801754.71,4657624.7700000005,2170.49
-11801756.39,4657624.28,2170.52
-11801758.06,4657623.82,2170.5
-11801759.74,4657623.34,2170.48
-11801761.450000001,4657622.86,2170.51
-11801763.13,4657622.38,2170.48
-11801764.81,4657621.89,2170.52
-11801766.46,4657621.43,2170.52
-11801768.15,4657620.94,2170.5
-11801769.84,4657620.47,2170.47
-11801771.52,4657619.99,2170.5
-11801773.23,4657619.5,2170.5
-11801774.89,4657619.04,2170.5
-11801776.59,4657618.55,2170.53
-11801778.26,4657618.08,2170.54
-11801779.94,4657617.600000001,2170.55
-11801781.63,4657617.14,2170.54
-11801783.3,4657616.66,2170.55
-11801784.99,4657616.16,2170.57
-11801786.69,4657615.69,2170.56
-11801788.34,4657615.21,2170.56
-11801790.02,4657614.75,2170.54
-11801791.73,4657614.2700000005,2170.58
-11801784.89,4657613.92,2170.6
-11801783.19,4657614.4,2170.56
-11801781.5,4657614.87,2170.56
-11801779.790000001,4657615.350000001,2170.56
-11801778.05,4657615.84,2170.54
-11801776.38,4657616.3100000005,2170.53
-11801774.700000001,4657616.78,2170.52
-11801772.97,4657617.26,2170.51
-11801771.25,4657617.75,2170.51
-11801769.57,4657618.23,2170.51
-11801767.84,4657618.7,2170.5
-11801766.11,4657619.21,2170.5
-11801764.41,4657619.67,2170.52
-11801762.72,4657620.15,2170.51
-11801761.01,4657620.64,2170.52
-11801759.28,4657621.13,2170.53
-11801757.57,4657621.600000001,2170.52
-11801755.89,4657622.08,2170.5
-11801754.19,4657622.55,2170.5
-11801752.48,4657623.04,2170.52
-11801750.77,4657623.5200000005,2170.51
-11801749.040000001,4657624.01,2170.53
-11801747.36,4657624.48,2170.58
-11801745.67,4657624.96,2170.61
-11801743.94,4657625.46,2170.63
-11801742.22,4657625.94,2170.67
-11801740.69,4657626.38,2171.26
-11801739.11,4657626.83,2171.69
-11801737.13,4657627.38,2170.9
-11801735.35,4657627.87,2170.69
-11801733.59,4657628.37,2170.63
-11801731.86,4657628.84,2170.57
-11801730.13,4657629.33,2170.56
-11801728.41,4657629.82,2170.57
-11801726.700000001,4657630.3,2170.58
-11801724.97,4657630.79,2170.55
-11801725.93,4657630.0600000005,2170.56
-11801727.620000001,4657629.58,2170.55
-11801729.3,4657629.11,2170.53
-11801730.950000001,4657628.63,2170.56
-11801732.61,4657628.17,2170.56
-11801734.290000001,4657627.68,2170.58
-11801736.01,4657627.21,2170.77
-11801737.83,4657626.7,2171.17
-11801739.6,4657626.22,2171.5
-11801741.120000001,4657625.7700000005,2171.01
-11801742.68,4657625.32,2170.63
-11801744.35,4657624.850000001,2170.61
-11801746.03,4657624.37,2170.58
-11801747.700000001,4657623.89,2170.53
-11801749.34,4657623.42,2170.5
-11801751.02,4657622.95,2170.5
-11801752.700000001,4657622.47,2170.51
-11801754.39,4657621.99,2170.49
-11801756.08,4657621.51,2170.48
-11801757.73,4657621.04,2170.48
-11801759.42,4657620.5600000005,2170.51
-11801761.08,4657620.100000001,2170.49
-11801762.78,4657619.62,2170.49
-11801764.450000001,4657619.15,2170.49
-11801766.13,4657618.67,2170.49
-11801767.78,4657618.2,2170.48
-11801769.48,4657617.72,2170.48
-11801771.18,4657617.23,2170.48
-11801772.86,4657616.76,2170.49
-11801774.53,4657616.28,2170.5
-11801776.24,4657615.8,2170.51
-11801777.92,4657615.33,2170.52
-11801779.58,4657614.84,2170.51
-11801781.27,4657614.38,2170.52
-11801782.96,4657613.89,2170.53
-11801773.07,4657614.34,2170.51
-11801771.34,4657614.8100000005,2170.49
-11801769.6,4657615.32,2170.46
-11801767.9,4657615.8,2170.47
-11801766.18,4657616.2700000005,2170.48
-11801764.48,4657616.75,2170.47
-11801762.790000001,4657617.23,2170.48
-11801761.06,4657617.71,2170.49
-11801759.34,4657618.2,2170.48
-11801757.64,4657618.66,2170.48
-11801755.950000001,4657619.15,2170.5
-11801754.27,4657619.63,2170.48
-11801752.56,4657620.100000001,2170.49
-11801750.82,4657620.600000001,2170.51
-11801749.1,4657621.08,2170.5
-11801747.41,4657621.5600000005,2170.54
-11801745.69,4657622.04,2170.59
-11801743.98,4657622.5200000005,2170.61
-11801742.27,4657623.0,2170.65
-11801740.66,4657623.47,2171.05
-11801739.09,4657623.92,2171.48
-11801737.24,4657624.43,2171.03
-11801735.4,4657624.94,2170.65
-11801733.64,4657625.43,2170.56
-11801731.92,4657625.91,2170.55
-11801730.21,4657626.39,2170.54
-11801728.48,4657626.87,2170.55
-11801726.75,4657627.37,2170.55
-11801725.02,4657627.83,2170.53
-11801725.72,4657627.18,2170.53
-11801727.42,4657626.72,2170.57
-11801729.07,4657626.25,2170.54
-11801730.700000001,4657625.78,2170.54
-11801732.36,4657625.3,2170.54
-11801734.05,4657624.83,2170.55
-11801735.77,4657624.350000001,2170.65
-11801737.61,4657623.850000001,2171.21
-11801739.4,4657623.350000001,2171.61
-11801740.91,4657622.91,2171.08
-11801742.42,4657622.46,2170.63
-11801744.09,4657621.99,2170.59
-11801745.77,4657621.51,2170.58
-11801747.44,4657621.04,2170.51
-11801749.08,4657620.58,2170.46
-11801750.75,4657620.11,2170.47
-11801752.44,4657619.63,2170.48
-11801754.120000001,4657619.15,2170.47
-11801755.790000001,4657618.68,2170.47
-11801757.46,4657618.21,2170.46
-11801759.14,4657617.73,2170.44
-11801760.85,4657617.25,2170.48
-11801762.53,4657616.7700000005,2170.44
-11801764.200000001,4657616.29,2170.47
-11801765.85,4657615.84,2170.44
-11801767.53,4657615.34,2170.42
-11801769.25,4657614.87,2170.47
-11801770.950000001,4657614.39,2170.47
-11801772.63,4657613.91,2170.48
-11801762.76,4657614.36,2170.49
-11801761.040000001,4657614.82,2170.46
-11801759.32,4657615.32,2170.46
-11801757.59,4657615.8100000005,2170.48
-11801755.89,4657616.2700000005,2170.5
-11801754.17,4657616.76,2170.46
-11801752.49,4657617.24,2170.48
-11801750.77,4657617.72,2170.48
-11801749.05,4657618.2,2170.47
-11801747.370000001,4657618.67,2170.51
-11801745.65,4657619.15,2170.57
-11801743.94,4657619.65,2170.59
-11801742.22,4657620.11,2170.61
-11801740.66,4657620.55,2171.11
-11801739.16,4657621.0200000005,2171.72
-11801737.26,4657621.53,2171.21
-11801735.34,4657622.05,2170.61
-11801733.59,4657622.54,2170.57
-11801731.870000001,4657623.0200000005,2170.56
-11801730.16,4657623.51,2170.53
-11801728.450000001,4657623.99,2170.55
-11801726.69,4657624.48,2170.52
-11801724.950000001,4657624.95,2170.56
-11801725.31,4657624.33,2170.48
-11801726.950000001,4657623.86,2170.51
-11801728.61,4657623.39,2170.49
-11801730.28,4657622.91,2170.51
-11801731.94,4657622.46,2170.53
-11801733.63,4657621.97,2170.57
-11801735.290000001,4657621.51,2170.53
-11801737.1,4657621.0,2170.94
-11801738.96,4657620.51,2171.57
-11801740.53,4657620.0600000005,2171.28
-11801742.01,4657619.62,2170.61
-11801743.69,4657619.13,2170.55
-11801745.36,4657618.67,2170.55
-11801747.0,4657618.19,2170.51
-11801748.64,4657617.73,2170.46
-11801750.32,4657617.2700000005,2170.48
-11801751.99,4657616.79,2170.49
-11801753.67,4657616.32,2170.44
-11801755.370000001,4657615.84,2170.44
-11801757.03,4657615.36,2170.44
-11801758.700000001,4657614.89,2170.44
-11801760.38,4657614.41,2170.46
-11801762.06,4657613.94,2170.46
-11801752.63,4657614.16,2170.46
-11801750.88,4657614.66,2170.46
-11801749.15,4657615.14,2170.47
-11801747.44,4657615.600000001,2170.48
-11801745.77,4657616.08,2170.55
-11801744.05,4657616.57,2170.56
-11801742.34,4657617.05,2170.59
-11801740.82,4657617.49,2171.19
-11801739.25,4657617.94,2171.65
-11801737.36,4657618.45,2171.06
-11801735.48,4657618.96,2170.63
-11801733.71,4657619.45,2170.54
-11801732.01,4657619.93,2170.52
-11801730.34,4657620.4,2170.53
-11801728.59,4657620.89,2170.53
-11801726.84,4657621.37,2170.51
-11801725.1,4657621.86,2170.48
-11801725.05,4657621.39,2170.48
-11801726.68,4657620.93,2170.49
-11801728.290000001,4657620.47,2170.5
-11801729.93,4657620.0200000005,2170.54
-11801731.57,4657619.54,2170.5
-11801733.21,4657619.08,2170.51
-11801734.85,4657618.63,2170.5
-11801736.6,4657618.15,2170.82
-11801738.46,4657617.64,2171.55
-11801740.06,4657617.19,2171.49
-11801741.49,4657616.75,2170.79
-11801743.08,4657616.3100000005,2170.53
-11801744.74,4657615.84,2170.53
-11801746.34,4657615.39,2170.52
-11801747.96,4657614.92,2170.44
-11801749.59,4657614.48,2170.44
-11801751.23,4657614.01,2170.42
-11801742.200000001,4657614.05,2170.54
-11801740.72,4657614.46,2171.29
-11801739.120000001,4657614.94,2171.69
-11801737.09,4657615.46,2170.8
-11801735.34,4657615.97,2170.63
-11801733.59,4657616.45,2170.53
-11801731.870000001,4657616.93,2170.52
-11801730.14,4657617.41,2170.5
-11801728.43,4657617.89,2170.52
-11801726.700000001,4657618.36,2170.53
-11801724.97,4657618.86,2170.47
-11801724.540000001,4657618.44,2170.44
-11801726.22,4657617.98,2170.46
-11801727.89,4657617.51,2170.46
-11801729.55,4657617.05,2170.46
-11801731.22,4657616.58,2170.5
-11801732.88,4657616.100000001,2170.49
-11801734.55,4657615.64,2170.49
-11801736.28,4657615.15,2170.63
-11801738.25,4657614.63,2171.56
-11801739.86,4657614.17,2171.38
-11801730.450000001,4657614.19,2170.48
-11801728.73,4657614.67,2170.49
-11801727.040000001,4657615.14,2170.52
-11801725.3,4657615.62,2170.47
-11801724.5,4657615.33,2170.4
-11801726.15,4657614.87,2170.42
-11801727.82,4657614.4,2170.44
-11801729.5,4657613.93,2170.44
